,Player,Team,AGE,GP_x,W,L,MIN,PTS,FGA,FG%,3PA,3P%,FTA,FT%,OREB,DREB,REB,AST,TOV,STL,BLK,PF,FP,DD2,TD3,+/-,Year,累積前三隊,當年有無入選,勝率,position,DFG_percent,DIFF_percent,year
0,Kevin Durant,OKC,25,81,58,23,38.5,32.0,20.8,50.3,6.1,39.1,9.9,87.3,0.7,6.7,7.4,5.5,3.5,1.3,0.7,2.1,51.6,27,3,6.3,2014,4,True,0.72,F,50.8,-4.4,2014
1,Carmelo Anthony,NYK,30,77,35,42,38.7,27.4,21.3,45.2,5.4,40.2,7.0,84.8,1.9,6.2,8.1,3.1,2.6,1.2,0.7,2.9,45.0,22,0,1.4,2014,6,False,0.45,F,55.9,1.3,2014
2,LeBron James,MIA,29,77,52,25,37.7,27.1,17.6,56.7,4.0,37.9,7.6,75.0,1.1,5.9,6.9,6.3,3.5,1.6,0.3,1.6,47.2,12,1,5.3,2014,9,True,0.68,F,56.9,2.6,2014
3,Kevin Love,MIN,25,77,39,38,36.3,26.1,18.5,45.7,6.6,37.6,8.2,82.1,2.9,9.6,12.5,4.4,2.5,0.8,0.5,1.8,48.9,65,3,4.6,2014,1,True,0.51,F-C,58.3,3.2,2014
4,James Harden,HOU,24,73,48,25,38.0,25.4,16.5,45.6,6.6,36.6,9.1,86.6,0.8,3.9,4.7,6.1,3.6,1.6,0.4,2.4,42.5,14,1,5.6,2014,1,True,0.66,G,55.2,0.3,2014
5,Blake Griffin,LAC,25,80,56,24,35.8,24.1,17.0,52.8,0.6,27.3,8.4,71.5,2.4,7.1,9.5,3.9,2.8,1.2,0.6,3.3,43.8,43,1,7.1,2014,2,True,0.7,F,53.1,-1.8,2014
6,Stephen Curry,GSW,26,78,50,28,36.5,24.0,17.7,47.1,7.9,42.4,4.5,88.5,0.6,3.7,4.3,8.5,3.8,1.6,0.2,2.5,43.7,28,4,7.4,2014,0,True,0.64,G,60.4,5.6,2014
7,LaMarcus Aldridge,POR,28,69,46,23,36.2,23.2,20.6,45.8,0.2,20.0,5.2,82.2,2.4,8.7,11.1,2.6,1.8,0.9,1.0,2.1,44.3,40,0,5.3,2014,1,True,0.67,F,51.0,-4.1,2014
8,DeMarcus Cousins,SAC,23,71,28,43,32.4,22.7,16.8,49.6,0.1,0.0,8.4,72.6,3.1,8.6,11.7,2.9,3.5,1.5,1.3,3.8,46.1,53,0,-0.2,2014,0,False,0.39,C,50.9,-4.5,2014
9,DeMar DeRozan,TOR,24,79,45,34,38.2,22.7,17.8,42.9,2.7,30.5,8.0,82.4,0.6,3.7,4.3,4.0,2.2,1.1,0.4,2.5,35.9,2,0,2.3,2014,0,False,0.57,G,62.1,6.8,2014
10,Al Jefferson,CHA,29,73,38,35,35.0,21.8,18.8,50.9,0.2,20.0,3.8,69.0,2.1,8.7,10.8,2.1,1.7,0.9,1.1,2.4,42.3,42,0,0.4,2014,0,True,0.52,C,51.4,-3.2,2014
11,Russell Westbrook,OKC,25,46,34,12,30.7,21.8,17.2,43.7,4.7,31.8,6.4,82.6,1.2,4.5,5.7,6.9,3.8,1.9,0.2,2.3,41.4,11,2,4.8,2014,3,False,0.74,G,59.6,4.2,2014
12,Paul George,IND,24,80,54,26,36.2,21.7,17.0,42.4,6.3,36.4,5.8,86.4,0.8,6.0,6.8,3.5,2.8,1.9,0.3,2.5,38.8,12,1,4.6,2014,1,True,0.68,F-G,49.2,-6.1,2014
13,Dirk Nowitzki,DAL,36,80,48,32,32.9,21.7,15.9,49.7,4.1,39.8,4.7,89.9,0.5,5.7,6.2,2.7,1.5,0.9,0.6,2.1,36.2,6,0,4.0,2014,12,False,0.6,F,55.0,-0.4,2014
14,Kyrie Irving,CLE,22,71,28,43,35.2,20.8,17.4,43.0,4.8,35.8,4.8,86.1,0.7,2.9,3.6,6.1,2.7,1.5,0.3,2.3,37.2,7,1,-3.1,2014,0,False,0.39,G,61.2,7.5,2014
15,Anthony Davis,NOP,21,67,29,38,35.2,20.8,15.0,51.9,0.1,22.2,6.6,79.1,3.1,7.0,10.0,1.6,1.6,1.3,2.8,3.0,46.0,36,0,-1.7,2014,0,False,0.43,F-C,51.0,-4.1,2014
16,Brook Lopez,BKN,26,17,7,10,31.4,20.7,13.5,56.3,0.1,0.0,6.8,81.7,2.3,3.7,6.0,0.9,1.6,0.5,1.8,3.1,34.6,0,0,-1.2,2014,0,False,0.41,C,39.5,-14.1,2014
17,Damian Lillard,POR,23,82,54,28,35.8,20.7,15.9,42.4,6.8,39.4,5.2,87.1,0.4,3.1,3.5,5.6,2.4,0.8,0.3,2.4,34.0,6,0,4.4,2014,0,True,0.66,G,55.7,2.4,2014
18,Isaiah Thomas,SAC,25,72,26,46,34.7,20.3,15.2,45.3,5.1,34.9,5.7,85.0,0.7,2.3,2.9,6.3,3.0,1.3,0.1,2.6,34.6,7,1,0.4,2014,0,False,0.36,G,59.4,6.1,2014
19,Goran Dragic,PHX,28,76,45,31,35.1,20.3,14.4,50.5,3.9,40.8,5.5,76.0,0.9,2.3,3.2,5.9,2.8,1.4,0.3,2.7,35.2,7,0,4.0,2014,0,True,0.59,G,51.4,-1.5,2014
20,Rudy Gay,SAC,27,73,27,46,34.7,20.0,16.2,45.5,2.7,33.0,5.3,82.2,1.5,4.4,6.0,2.9,3.1,1.3,0.8,2.3,34.6,11,0,-0.9,2014,0,False,0.37,F,55.9,0.2,2014
21,Ryan Anderson,NOP,26,22,12,10,36.1,19.8,16.1,43.8,7.5,40.9,2.8,95.2,3.0,3.5,6.5,0.8,0.9,0.5,0.3,2.1,30.1,4,0,1.4,2014,0,False,0.55,F,58.4,3.8,2014
22,John Wall,WAS,23,82,44,38,36.3,19.3,16.3,43.3,3.8,35.1,4.8,80.5,0.5,3.6,4.1,8.8,3.6,1.8,0.5,2.7,40.7,29,2,2.4,2014,0,False,0.54,G,65.7,12.5,2014
23,Chris Paul,LAC,29,62,44,18,35.0,19.1,14.0,46.7,3.4,36.8,5.6,85.5,0.6,3.7,4.3,10.7,2.3,2.5,0.1,2.5,45.6,39,0,8.5,2014,5,True,0.71,G,64.5,9.9,2014
24,Kevin Martin,MIN,31,68,32,36,32.0,19.1,15.0,43.0,4.4,38.7,5.0,89.1,0.5,2.5,3.0,1.8,1.6,1.0,0.1,1.8,27.0,1,0,2.6,2014,0,False,0.47,G,63.6,8.9,2014
25,Dwyane Wade,MIA,32,54,36,18,32.9,19.0,14.1,54.5,0.6,28.1,4.8,73.3,1.1,3.4,4.5,4.7,3.0,1.5,0.5,2.0,34.4,4,0,2.6,2014,8,False,0.67,G,55.9,1.2,2014
26,Monta Ellis,DAL,28,82,49,33,36.9,19.0,15.6,45.1,2.5,33.0,5.2,78.8,0.5,3.1,3.6,5.7,3.2,1.7,0.3,2.4,34.7,6,0,0.6,2014,0,False,0.6,G,64.2,9.0,2014
27,Jamal Crawford,LAC,34,69,47,22,30.4,18.6,14.7,41.6,6.5,36.1,4.7,86.6,0.5,1.8,2.3,3.2,2.0,0.9,0.2,1.7,27.3,2,0,3.9,2014,0,False,0.68,G,63.1,7.8,2014
28,Al Horford,ATL,28,29,16,13,33.0,18.6,14.5,56.7,0.4,36.4,2.9,68.2,2.3,6.1,8.4,2.6,2.2,0.9,1.5,1.9,37.7,9,0,2.5,2014,1,False,0.55,C-F,45.3,-9.7,2014
29,Klay Thompson,GSW,24,81,51,30,35.4,18.4,15.5,44.4,6.6,41.7,2.3,79.5,0.5,2.6,3.1,2.2,1.7,0.9,0.5,2.9,27.9,1,0,6.6,2014,0,False,0.63,G,48.8,-5.9,2014
30,Dwight Howard,HOU,28,71,48,23,33.8,18.3,11.3,59.1,0.1,28.6,9.0,54.7,3.3,8.9,12.2,1.8,3.2,0.8,1.8,3.4,40.4,47,0,4.8,2014,7,True,0.68,C-F,49.6,-5.8,2014
31,Arron Afflalo,ORL,28,73,21,52,35.0,18.2,13.8,45.9,4.1,42.7,4.6,81.5,0.4,3.2,3.6,3.4,2.0,0.5,0.0,1.9,27.2,1,0,-5.0,2014,0,False,0.29,G-F,68.3,13.5,2014
32,David Lee,GSW,31,69,42,27,33.2,18.2,14.2,52.3,0.0,0.0,4.3,78.0,2.6,6.7,9.3,2.1,2.2,0.7,0.4,3.0,33.6,34,0,6.8,2014,1,False,0.61,F,51.8,-4.0,2014
33,Paul Millsap,ATL,29,74,36,38,33.5,17.9,14.1,46.1,2.9,35.8,5.3,73.1,2.1,6.4,8.5,3.1,2.5,1.7,1.1,2.8,38.7,30,1,1.7,2014,0,False,0.49,F,54.6,-0.4,2014
34,Kyle Lowry,TOR,28,79,45,34,36.2,17.9,13.7,42.3,6.3,38.0,4.9,81.3,1.1,3.6,4.7,7.4,2.5,1.5,0.2,3.4,37.4,18,2,3.4,2014,0,False,0.57,G,56.1,2.6,2014
35,Thaddeus Young,PHI,26,79,18,61,34.4,17.9,16.2,45.4,3.7,30.8,2.9,71.2,2.1,3.9,6.0,2.3,2.1,2.1,0.5,2.7,34.2,11,0,-8.3,2014,0,False,0.23,F,60.0,5.6,2014
36,Brandon Knight,MIL,22,72,13,59,33.3,17.9,15.2,42.2,4.7,32.5,4.5,80.2,0.6,2.9,3.5,4.9,2.6,1.0,0.2,2.0,30.5,4,0,-6.1,2014,0,False,0.18,G,58.0,4.6,2014
37,Nick Young,LAL,29,64,21,43,28.3,17.9,13.9,43.5,5.5,38.6,4.5,82.5,0.5,2.1,2.6,1.5,1.5,0.7,0.2,2.4,24.4,0,0,-1.3,2014,0,False,0.33,F-G,61.8,6.0,2014
38,Eric Bledsoe,PHX,24,43,28,15,32.9,17.7,12.9,47.7,3.3,35.7,5.5,77.2,0.6,4.1,4.7,5.5,3.3,1.6,0.3,2.3,34.0,4,0,3.2,2014,0,False,0.65,G,57.2,3.9,2014
39,Kemba Walker,CHA,24,73,38,35,35.8,17.7,15.7,39.3,4.5,33.3,4.6,83.7,0.5,3.7,4.2,6.1,2.3,1.2,0.4,1.8,34.4,9,1,1.8,2014,0,False,0.52,G,53.6,0.4,2014
40,Ty Lawson,DEN,26,62,29,33,35.8,17.6,13.0,43.1,3.3,35.6,6.5,79.8,0.6,2.8,3.5,8.8,3.2,1.6,0.2,1.8,37.0,23,0,-0.8,2014,0,False,0.47,G,60.9,7.4,2014
41,Nikola Pekovic,MIN,28,54,27,27,30.8,17.5,13.0,54.1,0.0,0.0,4.6,74.7,3.8,4.9,8.7,0.9,1.6,0.6,0.4,2.4,30.7,23,0,5.1,2014,0,False,0.5,C,54.3,-1.0,2014
42,Zach Randolph,MEM,32,79,49,30,34.2,17.4,15.2,46.7,0.3,10.0,4.3,74.2,3.4,6.7,10.1,2.5,2.3,0.7,0.3,2.7,33.8,47,0,2.1,2014,1,False,0.62,F,56.4,0.8,2014
43,Pau Gasol,LAL,33,60,21,39,31.4,17.4,14.8,48.0,0.2,28.6,4.2,73.6,2.1,7.6,9.7,3.4,2.4,0.5,1.5,2.1,37.6,30,0,-5.9,2014,3,False,0.35,C-F,56.5,1.0,2014
44,Mike Conley,MEM,26,73,46,27,33.5,17.2,14.1,45.0,4.0,36.1,3.8,81.5,0.6,2.4,2.9,6.0,2.1,1.5,0.2,1.9,32.8,5,0,2.1,2014,0,False,0.63,G,63.0,9.4,2014
45,Bradley Beal,WAS,21,73,40,33,34.7,17.1,15.7,41.9,4.7,40.2,2.6,78.8,0.7,3.0,3.7,3.3,1.8,1.0,0.2,2.1,28.5,1,0,1.5,2014,0,False,0.55,G,57.6,4.0,2014
46,Jeff Green,BOS,27,82,25,57,34.2,16.9,14.3,41.2,4.8,34.1,4.3,79.5,0.7,4.0,4.6,1.7,2.0,0.7,0.6,2.2,26.7,2,0,-4.3,2014,0,False,0.3,F,57.4,1.9,2014
47,Tony Parker,SAS,32,68,51,17,29.4,16.7,13.4,49.9,1.0,37.3,3.6,81.1,0.3,2.0,2.3,5.7,2.2,0.5,0.1,1.3,27.7,2,0,4.0,2014,3,True,0.75,G,57.1,4.5,2014
48,Michael Carter-Williams,PHI,22,70,18,52,34.5,16.7,15.1,40.5,3.0,26.4,5.2,70.3,1.4,4.8,6.2,6.3,3.5,1.9,0.6,3.0,37.5,16,2,-6.4,2014,0,False,0.26,G,56.3,2.6,2014
49,Chandler Parsons,HOU,25,74,50,24,37.6,16.6,13.3,47.2,4.7,37.0,3.0,74.2,0.9,4.6,5.5,4.0,1.9,1.2,0.4,2.3,32.0,7,0,4.4,2014,0,False,0.68,F,60.2,4.6,2014
50,Jeff Teague,ATL,26,79,37,42,32.2,16.5,13.2,43.8,2.8,32.9,4.8,84.6,0.4,2.2,2.6,6.7,2.9,1.1,0.2,2.0,30.8,13,0,1.5,2014,0,False,0.47,G,64.6,11.8,2014
51,Josh Smith,DET,28,77,28,49,35.5,16.4,16.0,41.9,3.4,26.4,3.9,53.2,1.3,5.4,6.8,3.3,2.6,1.4,1.4,2.6,35.2,12,0,-2.5,2014,0,False,0.36,F,52.6,-2.5,2014
52,Wesley Matthews,POR,27,82,54,28,33.9,16.4,12.3,44.1,6.2,39.3,3.7,83.7,0.6,2.9,3.5,2.4,1.3,0.9,0.2,2.1,26.2,1,0,3.7,2014,0,False,0.66,G,53.3,-1.2,2014
53,Chris Bosh,MIA,30,79,53,26,32.0,16.2,12.1,51.6,2.8,33.9,3.4,82.0,1.2,5.4,6.6,1.1,1.6,1.0,1.0,2.4,30.2,6,0,5.7,2014,1,False,0.67,C-F,52.7,-1.6,2014
54,Gordon Hayward,UTA,24,77,23,54,36.4,16.2,13.4,41.3,3.6,30.4,4.9,81.6,0.8,4.3,5.1,5.2,2.8,1.4,0.5,2.0,33.2,9,0,-5.1,2014,0,False,0.3,G-F,53.9,-0.2,2014
55,Luol Deng,CLE,29,63,29,34,35.1,16.0,13.7,43.1,3.0,30.2,4.3,79.1,1.6,4.2,5.7,2.9,1.8,1.0,0.1,1.8,28.9,8,0,0.1,2014,0,False,0.46,F,58.7,3.9,2014
56,Derrick Rose,CHI,25,10,5,5,31.1,15.9,16.4,35.4,4.7,34.0,3.2,84.4,0.9,2.3,3.2,4.3,3.4,0.5,0.1,1.5,24.6,0,0,-3.2,2014,1,False,0.5,G,55.8,4.0,2014
57,Dion Waiters,CLE,22,70,28,42,29.6,15.9,14.2,43.3,3.6,36.8,3.4,68.5,0.5,2.3,2.8,3.0,2.2,0.9,0.2,2.2,25.0,1,0,-0.8,2014,0,False,0.4,G,57.6,3.1,2014
58,Gerald Green,PHX,28,82,48,34,28.4,15.8,12.3,44.5,6.2,40.0,2.8,84.8,0.6,2.8,3.4,1.5,1.8,0.9,0.5,2.7,24.4,0,0,0.5,2014,0,False,0.59,G-F,55.2,0.7,2014
59,Joe Johnson,BKN,33,79,43,36,32.6,15.8,12.9,45.4,5.1,40.1,2.5,81.5,0.6,2.8,3.4,2.7,1.5,0.6,0.1,1.6,24.6,0,0,0.7,2014,1,False,0.54,G,59.9,5.2,2014
60,Jodie Meeks,LAL,26,77,25,52,33.2,15.7,11.6,46.3,5.2,40.1,3.4,85.7,0.4,2.1,2.5,1.8,1.4,1.4,0.1,1.5,24.5,0,0,-6.6,2014,0,False,0.32,G,61.8,6.6,2014
61,Brandon Jennings,DET,24,80,28,52,34.1,15.5,14.2,37.3,5.7,33.7,4.0,75.1,0.7,2.3,3.1,7.6,2.7,1.3,0.1,2.0,32.0,18,0,-2.3,2014,0,False,0.35,G,64.4,12.3,2014
62,Eric Gordon,NOP,25,64,26,38,32.1,15.4,12.8,43.6,4.0,39.1,3.5,78.5,0.5,2.1,2.6,3.3,2.1,1.2,0.2,1.8,25.3,0,0,-4.2,2014,0,False,0.41,G,73.3,18.3,2014
63,Greg Monroe,DET,24,82,29,53,32.8,15.2,12.4,49.7,0.0,0.0,4.5,65.7,3.1,6.1,9.3,2.1,2.0,1.1,0.6,2.5,32.5,35,0,-1.8,2014,0,False,0.35,F-C,54.2,-0.1,2014
64,JJ Redick,LAC,30,35,24,11,28.2,15.2,11.4,45.5,5.3,39.5,3.0,91.5,0.3,1.9,2.1,2.2,1.2,0.8,0.1,1.9,22.5,0,0,6.1,2014,0,False,0.69,G,62.3,7.6,2014
65,Serge Ibaka,OKC,24,81,59,22,32.9,15.1,12.1,53.6,0.7,38.3,2.5,78.4,2.8,6.0,8.8,1.0,1.5,0.5,2.7,2.9,35.3,29,0,5.0,2014,0,False,0.73,F-C,47.5,-7.4,2014
66,Tim Duncan,SAS,38,74,56,18,29.2,15.1,12.2,49.0,0.1,0.0,4.3,73.1,2.1,7.6,9.7,3.0,2.1,0.6,1.9,1.8,36.5,30,0,4.1,2014,14,False,0.76,F,48.3,-7.1,2014
67,Avery Bradley,BOS,23,60,19,41,30.9,14.9,13.8,43.8,3.3,39.5,1.9,80.4,0.8,3.0,3.8,1.4,1.6,1.1,0.2,2.4,23.6,1,0,-2.1,2014,0,False,0.32,G,60.9,6.5,2014
68,Tobias Harris,ORL,21,61,16,45,30.3,14.6,11.7,46.4,2.1,25.4,4.0,80.7,1.4,5.5,7.0,1.3,1.3,0.7,0.4,2.3,26.9,7,0,-3.8,2014,0,False,0.26,F,59.6,4.5,2014
69,Marc Gasol,MEM,29,59,40,19,33.4,14.6,12.1,47.3,0.2,18.2,4.1,76.8,1.4,5.8,7.2,3.6,1.9,1.0,1.3,2.5,33.6,10,0,0.3,2014,1,False,0.68,C,50.1,-5.5,2014
70,JR Smith,NYK,28,74,34,40,32.7,14.5,12.9,41.5,6.5,39.4,1.9,65.2,0.5,3.5,4.0,3.0,1.5,0.9,0.3,2.6,25.7,1,0,0.0,2014,0,False,0.46,G-F,60.4,4.8,2014
71,Tyreke Evans,NOP,24,72,32,40,28.2,14.5,12.5,43.6,1.3,22.1,4.3,77.1,1.1,3.7,4.7,5.0,2.4,1.2,0.3,2.2,29.7,10,1,-2.8,2014,0,False,0.44,F-G,57.8,3.3,2014
72,Trevor Ariza,WAS,28,77,41,36,35.4,14.4,11.1,45.6,5.7,40.7,2.5,77.2,1.3,4.9,6.2,2.5,1.7,1.6,0.3,2.3,29.5,11,0,2.5,2014,0,False,0.53,F,67.2,11.7,2014
73,Jrue Holiday,NOP,24,34,15,19,33.6,14.3,13.4,44.7,2.3,39.0,1.9,81.0,0.8,3.4,4.2,7.9,3.1,1.6,0.4,2.7,34.1,9,0,0.7,2014,0,False,0.44,G,60.2,6.4,2014
74,Deron Williams,BKN,30,64,37,27,32.2,14.3,11.2,45.0,4.2,36.6,3.4,80.1,0.2,2.4,2.6,6.1,2.2,1.5,0.2,2.3,29.4,5,0,2.9,2014,2,False,0.58,G,55.1,1.8,2014
75,Nikola Vucevic,ORL,23,57,19,38,31.8,14.2,12.2,50.7,0.0,0.0,2.4,76.6,3.2,7.7,11.0,1.8,2.0,1.1,0.8,3.0,33.8,36,0,-3.1,2014,0,False,0.33,C,54.0,-1.2,2014
76,Gerald Henderson,CHA,26,77,40,37,32.0,14.0,12.1,43.3,1.5,34.8,4.0,76.1,0.4,3.6,4.0,2.6,1.5,0.7,0.4,2.1,24.5,0,0,-0.9,2014,0,False,0.52,G,46.5,-8.4,2014
77,Gerald Henderson,CHA,26,77,40,37,32.0,14.0,12.1,43.3,1.5,34.8,4.0,76.1,0.4,3.6,4.0,2.6,1.5,0.7,0.4,2.1,24.5,0,0,-0.9,2014,0,False,0.52,G,46.5,-8.4,2014
78,David West,IND,33,80,54,26,30.9,14.0,11.7,48.8,0.2,26.7,3.1,78.9,1.5,5.3,6.8,2.8,1.7,0.8,0.9,2.3,29.7,8,0,5.1,2014,0,False,0.68,F,47.6,-7.0,2014
79,Evan Turner,IND,25,81,29,52,30.3,14.0,12.6,42.5,1.9,32.1,3.2,81.3,0.8,4.3,5.0,3.2,2.3,0.8,0.1,2.4,25.3,9,0,-4.7,2014,0,False,0.36,F-G,62.4,7.0,2014
80,Alec Burks,UTA,22,78,24,54,28.1,14.0,10.7,45.7,1.8,35.0,4.8,74.8,0.8,2.5,3.3,2.7,1.9,0.9,0.2,2.4,23.3,0,0,-3.7,2014,0,False,0.31,G,61.8,7.3,2014
81,Rodney Stuckey,DET,28,73,27,46,26.7,13.9,11.7,43.6,1.2,27.3,4.0,83.6,0.5,1.8,2.3,2.1,1.7,0.7,0.1,1.8,20.7,0,0,-2.2,2014,0,False,0.37,G,65.9,10.6,2014
82,Lance Stephenson,IND,23,78,53,25,35.3,13.8,11.2,49.1,3.1,35.2,2.5,71.1,1.2,5.9,7.2,4.6,2.7,0.7,0.1,2.5,29.0,20,5,3.6,2014,0,False,0.68,G,52.9,-2.2,2014
83,Kobe Bryant,LAL,35,6,2,4,29.5,13.8,12.2,42.5,2.7,18.8,3.5,85.7,0.3,4.0,4.3,6.3,5.7,1.2,0.2,1.5,26.9,0,0,-5.3,2014,15,False,0.33,G,58.3,1.0,2014
84,Victor Oladipo,ORL,22,80,23,57,31.1,13.8,11.7,41.9,2.8,32.7,4.0,78.0,0.5,3.6,4.1,4.1,3.2,1.6,0.5,2.6,27.9,7,1,-3.4,2014,0,False,0.29,G,52.3,-2.0,2014
85,Markieff Morris,PHX,24,81,47,34,26.6,13.8,10.4,48.6,1.3,31.5,4.0,79.2,1.7,4.3,6.0,1.8,1.8,0.8,0.6,2.9,26.2,11,0,1.7,2014,0,False,0.58,F,57.8,2.7,2014
86,Carlos Boozer,CHI,32,76,43,33,28.2,13.7,12.9,45.6,0.0,0.0,2.5,76.7,1.8,6.5,8.3,1.6,2.0,0.7,0.3,2.8,27.0,25,0,-0.4,2014,1,False,0.57,F,59.9,5.7,2014
87,Kenneth Faried,DEN,24,80,36,44,27.2,13.7,10.3,54.5,0.0,0.0,3.9,65.0,3.0,5.6,8.6,1.2,1.7,0.9,0.9,2.4,29.3,27,0,-2.0,2014,0,False,0.45,F,53.5,-1.5,2014
88,Wilson Chandler,DEN,27,62,27,35,31.1,13.6,11.9,41.6,5.7,34.8,2.5,72.4,0.9,3.8,4.7,1.8,1.3,0.7,0.5,3.1,24.5,2,0,-2.8,2014,0,False,0.44,F,48.9,-6.6,2014
89,Andre Drummond,DET,20,81,29,52,32.3,13.5,9.5,62.3,0.0,0.0,4.0,41.8,5.4,7.8,13.2,0.4,1.4,1.2,1.6,3.4,37.3,57,0,-2.9,2014,0,False,0.36,C,52.6,-1.6,2014
90,Paul Pierce,BKN,36,75,42,33,28.0,13.5,9.5,45.1,4.0,37.3,4.1,82.6,0.3,4.3,4.6,2.4,2.0,1.1,0.4,2.5,25.2,1,0,0.9,2014,4,False,0.56,F,55.3,-0.3,2014
91,Derrick Favors,UTA,22,73,25,48,30.2,13.3,10.2,52.2,0.0,0.0,3.9,66.9,2.7,6.0,8.7,1.2,1.8,1.0,1.5,3.2,31.4,25,0,-4.6,2014,0,False,0.34,C-F,51.3,-3.6,2014
92,Andrea Bargnani,NYK,28,42,15,27,29.9,13.3,12.0,44.2,2.6,27.8,2.4,82.4,1.6,3.6,5.3,1.1,1.4,0.3,1.2,2.4,24.6,4,0,-2.9,2014,0,False,0.36,C-F,53.7,-1.6,2014
93,Jared Sullinger,BOS,22,74,23,51,27.6,13.3,12.1,42.7,2.8,26.9,2.7,77.8,3.3,4.9,8.1,1.6,1.6,0.5,0.7,3.4,27.2,22,0,-0.2,2014,0,False,0.31,C-F,54.2,0.3,2014
94,Marcin Gortat,WAS,30,81,44,37,32.8,13.2,10.4,54.2,0.0,100.0,2.8,68.6,2.5,7.0,9.5,1.7,1.6,0.5,1.5,2.5,31.5,37,0,3.6,2014,0,False,0.54,C,50.6,-4.2,2014
95,Randy Foye,DEN,30,81,36,45,30.7,13.2,10.8,41.3,6.1,38.0,2.3,84.9,0.4,2.4,2.9,3.5,1.8,0.8,0.5,2.5,24.1,4,0,-1.6,2014,0,False,0.44,G,62.0,7.7,2014
96,Spencer Hawes,CLE,26,80,26,54,30.9,13.2,11.0,45.6,3.9,41.6,1.9,78.3,1.6,6.6,8.3,3.0,2.2,0.6,1.2,3.0,30.6,25,0,-6.0,2014,0,False,0.32,C,51.9,-3.2,2014
97,Jimmy Butler,CHI,24,67,43,24,38.7,13.1,10.3,39.7,3.6,28.3,5.0,76.9,1.3,3.6,4.9,2.6,1.5,1.9,0.5,1.6,28.7,5,0,2.8,2014,0,False,0.64,G-F,49.7,-5.3,2014
98,D.J. Augustin,CHI,26,71,44,27,27.3,13.1,10.1,41.5,4.7,40.1,3.2,88.5,0.2,1.6,1.8,4.4,1.8,0.7,0.0,2.1,22.5,2,0,0.9,2014,0,False,0.62,G,63.9,12.1,2014
99,Reggie Jackson,OKC,24,80,57,23,28.5,13.1,11.5,44.0,3.1,33.9,2.2,89.3,0.5,3.4,3.9,4.1,2.1,1.1,0.1,1.8,25.4,2,0,4.4,2014,0,False,0.71,G,56.8,3.3,2014
100,Nicolas Batum,POR,25,82,54,28,36.0,13.0,10.0,46.5,4.9,36.1,2.5,80.3,1.4,6.0,7.5,5.1,2.5,0.9,0.7,1.9,32.0,16,2,4.0,2014,0,False,0.66,F,56.5,1.6,2014
101,Tony Wroten,PHI,21,72,18,54,24.5,13.0,11.2,42.7,2.6,21.3,4.5,64.1,1.0,2.2,3.2,3.0,2.8,1.1,0.2,2.1,22.4,1,1,-6.1,2014,0,False,0.25,G,64.9,11.6,2014
102,Taj Gibson,CHI,29,82,48,34,28.7,13.0,10.9,47.9,0.1,0.0,3.4,75.1,2.4,4.4,6.8,1.1,1.8,0.5,1.4,2.5,26.6,15,0,1.7,2014,0,False,0.59,F-C,47.9,-6.6,2014
103,Kawhi Leonard,SAS,23,66,54,12,29.1,12.8,9.8,52.2,2.8,37.9,1.9,80.2,1.2,5.1,6.2,2.0,1.2,1.7,0.8,1.9,29.5,7,0,5.7,2014,0,False,0.82,F-G,50.9,-4.8,2014
104,Trey Burke,UTA,21,70,24,46,32.3,12.8,12.8,38.0,4.8,33.0,1.6,90.3,0.5,2.4,3.0,5.7,1.9,0.6,0.1,2.1,25.0,8,0,-3.7,2014,0,False,0.34,G,59.9,7.0,2014
105,Joakim Noah,CHI,29,80,48,32,35.2,12.6,10.0,47.5,0.0,0.0,4.2,73.7,3.5,7.7,11.3,5.4,2.4,1.2,1.5,3.1,40.0,47,4,2.9,2014,0,True,0.6,C,46.0,-8.8,2014
106,Jeremy Lin,HOU,25,71,48,23,28.9,12.5,9.3,44.6,3.2,35.8,3.7,82.3,0.5,2.2,2.6,4.1,2.5,1.0,0.4,2.3,23.4,3,1,2.5,2014,0,False,0.68,G,53.6,-0.2,2014
107,Enes Freedom,UTA,22,80,23,57,26.7,12.3,10.7,49.1,0.0,0.0,2.6,73.0,2.8,4.7,7.5,0.9,1.8,0.4,0.5,2.9,23.5,24,0,-6.0,2014,0,False,0.29,C,54.0,-1.1,2014
108,Manu Ginobili,SAS,36,68,52,16,22.8,12.3,9.2,46.9,3.8,34.9,2.8,85.1,0.4,2.5,3.0,4.3,2.0,1.0,0.3,1.9,24.1,1,0,6.2,2014,2,False,0.76,G,57.9,2.8,2014
109,Corey Brewer,MIN,28,81,40,41,32.2,12.3,10.0,48.1,2.6,28.0,2.8,71.8,0.8,1.8,2.6,1.7,1.3,1.9,0.4,2.6,23.3,0,0,4.1,2014,0,False,0.49,F,67.2,11.9,2014
110,Ramon Sessions,MIL,28,83,30,53,26.7,12.3,9.3,42.9,1.5,28.2,4.9,80.7,0.5,2.0,2.4,4.1,1.8,0.6,0.1,1.1,21.7,3,0,-2.0,2014,0,False,0.36,G,60.4,8.6,2014
111,Terrence Jones,HOU,22,76,51,25,27.3,12.1,9.4,54.2,1.3,30.7,2.6,60.5,2.1,4.8,6.9,1.1,0.9,0.7,1.3,1.8,27.2,18,0,1.6,2014,0,False,0.67,F,56.2,1.3,2014
112,Khris Middleton,MIL,22,82,15,67,30.0,12.1,10.4,44.0,3.5,41.4,1.7,86.1,0.7,3.0,3.8,2.1,1.5,1.0,0.2,3.0,22.0,0,0,-4.7,2014,0,False,0.18,F,58.4,3.2,2014
113,Jameer Nelson,ORL,32,68,21,47,32.0,12.1,11.0,39.4,5.8,34.8,1.6,85.7,0.4,3.0,3.4,7.0,2.4,0.8,0.1,2.1,26.7,6,0,-4.0,2014,0,False,0.31,G,63.8,8.9,2014
114,Kyle Korver,ATL,33,71,37,34,33.9,12.0,8.6,47.5,5.5,47.2,1.3,92.6,0.3,3.7,4.0,2.9,1.4,1.0,0.3,2.1,23.7,0,0,3.0,2014,0,False,0.52,G-F,59.0,5.1,2014
115,Vince Carter,DAL,37,81,49,32,24.4,11.9,10.0,40.7,4.6,39.4,2.4,82.1,0.8,2.7,3.5,2.6,1.3,0.8,0.4,2.6,22.3,1,0,2.1,2014,2,False,0.6,G-F,56.8,1.9,2014
116,Amar'e Stoudemire,NYK,31,65,26,39,22.6,11.9,8.6,55.7,0.0,0.0,3.1,73.9,1.7,3.2,4.9,0.5,1.4,0.4,0.6,2.4,19.9,5,0,-2.4,2014,5,False,0.4,F-C,53.2,-1.5,2014
117,JJ Hickson,DEN,25,69,31,38,26.9,11.8,9.5,50.8,0.1,0.0,4.2,51.7,3.0,6.2,9.2,1.4,1.9,0.7,0.7,2.6,27.3,26,0,-2.7,2014,0,False,0.45,C-F,57.6,3.0,2014
118,Tristan Thompson,CLE,23,82,33,49,31.6,11.7,9.3,47.7,0.0,0.0,4.1,69.3,3.3,5.9,9.2,0.9,1.3,0.5,0.4,2.3,25.6,36,0,-2.8,2014,0,False,0.4,F,58.8,3.2,2014
119,O.J. Mayo,MIL,26,52,10,42,25.9,11.7,10.6,40.7,4.4,37.0,1.7,86.4,0.5,1.9,2.4,2.2,1.8,0.5,0.3,2.1,18.4,0,0,-6.9,2014,0,False,0.19,G,56.0,1.8,2014
120,Rajon Rondo,BOS,28,30,6,24,33.3,11.7,11.7,40.3,3.0,28.9,2.2,62.7,0.7,4.7,5.5,9.8,3.3,1.3,0.1,2.2,33.8,13,1,-5.7,2014,1,False,0.2,G,77.9,22.6,2014
121,Jose Calderon,DAL,32,81,49,32,30.5,11.4,9.2,45.6,5.2,44.9,0.8,82.5,0.4,2.0,2.4,4.7,1.3,0.9,0.1,1.7,22.9,1,0,0.0,2014,0,False,0.6,G,62.4,8.1,2014
122,Darren Collison,LAC,26,80,56,24,25.9,11.4,8.7,46.7,2.4,37.6,2.8,85.7,0.6,1.8,2.4,3.7,1.7,1.2,0.2,1.9,22.2,1,0,2.7,2014,0,False,0.7,G,60.8,7.8,2014
123,Marco Belinelli,SAS,28,80,61,19,25.2,11.4,8.7,48.5,3.7,43.0,1.6,84.7,0.2,2.6,2.8,2.2,1.2,0.6,0.1,1.6,19.1,1,0,3.3,2014,0,False,0.76,G,58.7,3.6,2014
124,Mike Dunleavy,CHI,33,82,48,34,31.5,11.3,9.4,43.0,4.0,38.0,2.0,85.4,0.6,3.6,4.2,2.3,1.3,0.8,0.6,2.0,22.5,0,0,2.1,2014,0,False,0.59,F,56.0,1.5,2014
125,Mike Dunleavy,CHI,33,82,48,34,31.5,11.3,9.4,43.0,4.0,38.0,2.0,85.4,0.6,3.6,4.2,2.3,1.3,0.8,0.6,2.0,22.5,0,0,2.1,2014,0,False,0.59,F,56.0,1.5,2014
126,Jonas Valanciunas,TOR,22,81,47,34,28.2,11.3,8.3,53.1,0.0,0.0,3.2,76.2,2.8,6.0,8.8,0.7,1.7,0.3,0.9,3.1,24.8,25,0,1.2,2014,0,False,0.58,C,49.6,-5.3,2014
127,Andray Blatche,BKN,27,73,40,33,22.2,11.2,9.2,47.6,0.7,27.8,3.0,74.2,1.6,3.7,5.3,1.5,1.5,1.0,0.5,2.3,23.1,6,0,0.3,2014,0,False,0.55,C-F,56.4,1.5,2014
128,Ersan Ilyasova,MIL,27,55,10,45,26.9,11.2,10.5,40.9,2.4,28.2,2.4,82.3,1.9,4.3,6.2,1.3,1.1,0.8,0.1,2.5,22.5,8,0,-4.9,2014,0,False,0.18,F,60.7,6.2,2014
129,John Henson,MIL,23,70,12,58,26.5,11.1,9.1,53.8,0.0,0.0,2.5,51.4,2.4,4.7,7.1,1.6,1.6,0.6,1.7,2.6,27.2,11,0,-6.1,2014,0,False,0.17,C-F,51.9,-2.6,2014
130,Brandon Bass,BOS,29,82,25,57,27.6,11.1,8.8,48.6,0.1,33.3,2.9,85.8,2.0,3.8,5.7,1.1,1.2,0.4,0.9,2.3,22.3,5,0,-4.9,2014,0,False,0.3,F,53.1,-1.2,2014
131,Channing Frye,PHX,31,82,48,34,28.2,11.1,9.5,43.2,5.3,37.0,1.2,82.1,0.9,4.2,5.1,1.2,1.1,0.7,0.8,3.0,22.4,0,0,3.6,2014,0,False,0.59,F-C,56.3,1.6,2014
132,DeMarre Carroll,ATL,27,73,37,36,32.1,11.1,8.8,47.0,3.7,36.2,1.9,77.3,1.5,4.1,5.5,1.8,1.1,1.5,0.3,2.6,24.7,3,0,1.4,2014,0,False,0.51,F,57.4,2.4,2014
133,Robin Lopez,POR,26,82,54,28,31.8,11.1,7.9,55.1,0.0,0.0,3.0,81.8,4.0,4.6,8.5,0.9,1.0,0.3,1.7,2.4,27.6,29,0,3.9,2014,0,False,0.66,C,45.7,-9.2,2014
134,Jordan Crawford,GSW,25,81,39,42,23.0,11.0,9.7,41.5,3.5,31.6,2.1,86.4,0.3,1.9,2.3,3.5,1.7,0.6,0.1,1.5,19.2,3,1,-2.2,2014,0,False,0.48,G,60.0,6.3,2014
135,Terrence Ross,TOR,23,81,47,34,26.7,10.9,9.3,42.3,5.0,39.5,1.2,83.7,0.5,2.6,3.1,1.0,1.1,0.8,0.3,2.3,18.3,0,0,1.6,2014,0,False,0.58,F,54.9,0.1,2014
136,Roy Hibbert,IND,27,81,55,26,29.7,10.8,9.3,43.9,0.1,40.0,3.3,77.0,2.5,4.1,6.6,1.1,1.8,0.4,2.2,3.3,26.4,15,0,4.4,2014,0,False,0.68,C,40.5,-14.2,2014
137,Gary Neal,CHA,29,52,19,33,21.4,10.5,9.1,41.0,3.5,37.8,2.0,89.5,0.2,1.5,1.7,1.6,1.2,0.3,0.0,1.3,14.8,0,0,-3.3,2014,0,False,0.37,G,65.5,12.5,2014
138,Caron Butler,OKC,34,56,21,35,25.3,10.5,9.6,39.4,4.4,39.4,1.3,84.0,0.4,3.7,4.1,1.5,1.1,0.8,0.3,2.1,19.9,2,0,-2.7,2014,0,False,0.38,F,55.7,1.2,2014
139,DeAndre Jordan,LAC,25,82,57,25,35.0,10.4,6.3,67.6,0.0,0.0,4.6,42.8,4.0,9.5,13.6,0.9,1.5,1.0,2.5,3.2,36.9,42,0,6.0,2014,0,False,0.7,C,50.9,-4.0,2014
140,Lou Williams,ATL,27,60,26,34,24.1,10.4,8.2,40.0,3.9,34.2,3.0,84.9,0.2,1.9,2.1,3.5,1.5,0.8,0.1,1.1,19.1,0,0,-2.8,2014,0,False,0.43,G,60.6,6.6,2014
141,Shawn Marion,DAL,36,76,44,32,31.7,10.4,9.3,48.2,2.1,35.8,0.9,78.5,1.7,4.8,6.5,1.6,1.3,1.2,0.5,1.6,24.5,9,0,-1.8,2014,2,False,0.58,F,52.8,-2.9,2014
142,Nate Robinson,DEN,30,44,22,22,19.7,10.4,8.7,42.8,3.5,37.7,1.9,83.5,0.5,1.4,1.8,2.5,1.3,0.8,0.1,2.1,17.8,0,0,1.9,2014,0,False,0.5,G,56.4,5.7,2014
143,Amir Johnson,TOR,27,77,43,34,28.8,10.4,7.9,56.2,0.9,30.3,1.9,63.6,2.2,4.3,6.6,1.5,1.6,0.7,1.1,3.5,24.5,13,0,2.5,2014,0,False,0.56,F,50.6,-4.4,2014
144,Chris Kaman,LAL,32,39,13,26,18.9,10.4,8.9,50.9,0.1,0.0,1.7,76.5,1.4,4.5,5.9,1.5,1.9,0.3,1.0,2.4,21.7,6,0,-1.5,2014,0,False,0.33,C,38.2,-16.9,2014
145,George Hill,IND,28,76,50,26,32.0,10.3,8.1,44.2,3.4,36.5,2.3,80.7,0.7,3.0,3.7,3.5,1.2,1.0,0.3,2.1,22.6,0,0,4.2,2014,0,False,0.66,G,52.5,-1.1,2014
146,Patrick Beverley,HOU,25,56,39,17,31.3,10.2,8.6,41.4,4.6,36.1,1.8,81.4,1.3,2.2,3.5,2.7,1.2,1.4,0.4,3.1,22.7,0,0,5.2,2014,0,False,0.7,G,52.6,-1.9,2014
147,Patty Mills,SAS,25,81,62,19,18.9,10.2,8.2,46.4,3.9,42.5,1.0,89.0,0.4,1.7,2.1,1.8,0.8,0.8,0.1,1.4,17.5,0,0,4.2,2014,0,False,0.77,G,50.0,-1.2,2014
148,Tim Hardaway Jr.,NYK,22,81,37,44,23.2,10.2,8.5,42.8,4.4,36.3,1.6,82.8,0.2,1.3,1.5,0.8,0.6,0.5,0.1,1.8,14.5,0,0,-2.1,2014,0,False,0.46,G,64.1,9.9,2014
149,Jordan Farmar,LAL,27,41,16,25,22.3,10.1,8.9,41.5,3.9,43.8,1.4,74.6,0.5,2.0,2.5,4.9,2.3,0.9,0.2,1.6,21.5,0,0,-2.2,2014,0,False,0.39,G,61.1,6.9,2014
150,Richard Jefferson,UTA,34,82,25,57,27.0,10.1,8.0,45.0,3.7,40.9,2.0,74.1,0.2,2.5,2.7,1.6,1.1,0.7,0.2,2.0,17.1,0,0,-5.0,2014,0,False,0.3,F,61.6,6.0,2014
151,James Anderson,PHI,25,80,19,61,28.9,10.1,9.0,43.1,4.4,32.8,1.3,72.6,0.7,3.0,3.8,1.9,1.3,0.9,0.4,1.9,19.9,0,0,-6.8,2014,0,False,0.24,G-F,66.4,11.2,2014
152,Xavier Henry,LAL,23,43,16,27,21.1,10.0,8.0,41.7,1.9,34.6,4.1,65.5,0.6,2.1,2.7,1.2,1.3,1.0,0.2,1.8,17.2,0,0,-0.9,2014,0,False,0.37,F-G,58.0,1.8,2014
153,Matt Barnes,LAC,34,63,45,18,27.5,9.9,8.4,43.8,4.5,34.3,1.4,73.3,1.0,3.7,4.6,2.0,1.3,0.9,0.4,2.9,21.1,2,0,5.6,2014,0,False,0.71,F,64.4,9.1,2014
154,CJ Miles,CLE,27,51,21,30,19.3,9.9,8.0,43.5,4.1,39.3,1.5,85.3,0.4,1.7,2.0,1.0,0.9,0.9,0.3,2.0,16.5,0,0,0.9,2014,0,False,0.41,G,60.5,6.1,2014
155,Mario Chalmers,MIA,28,73,49,24,29.8,9.8,7.7,45.4,3.1,38.5,2.2,74.2,0.6,2.4,2.9,4.9,2.2,1.6,0.2,2.9,24.0,1,0,4.2,2014,0,False,0.67,G,55.5,1.8,2014
156,Marcus Thornton,BKN,27,72,33,39,24.2,9.8,8.9,39.4,4.4,34.5,1.6,80.4,0.8,2.0,2.8,1.1,0.9,0.8,0.2,1.5,16.6,0,0,-0.4,2014,0,False,0.46,G,64.9,10.8,2014
157,Mo Williams,POR,31,74,49,25,24.8,9.7,9.1,41.7,3.0,36.9,1.2,87.6,0.6,1.5,2.1,4.3,2.0,0.7,0.1,2.7,19.4,2,0,1.0,2014,0,False,0.66,G,51.8,-0.5,2014
158,Martell Webster,WAS,27,78,42,36,27.7,9.7,7.5,43.3,4.8,39.2,1.6,84.0,0.5,2.4,2.8,1.2,0.7,0.5,0.2,1.9,16.4,1,0,-0.2,2014,0,False,0.54,F-G,58.8,3.7,2014
159,Jason Smith,NOP,28,31,11,20,26.8,9.7,9.1,46.5,0.0,0.0,1.6,78.0,1.6,4.2,5.8,0.9,0.9,0.4,0.9,3.2,21.1,2,0,-2.1,2014,0,False,0.35,C-F,60.4,5.1,2014
160,Marcus Morris Sr.,PHX,24,82,48,34,21.9,9.7,7.9,44.2,3.2,38.1,1.9,76.1,1.0,2.9,3.9,1.1,1.2,0.9,0.2,1.9,18.1,0,0,1.5,2014,0,False,0.59,F,57.7,4.1,2014
161,Raymond Felton,NYK,30,65,31,34,31.0,9.7,9.4,39.5,3.0,31.8,1.9,72.1,0.8,2.2,3.0,5.6,2.0,1.2,0.4,2.4,24.6,2,0,0.4,2014,0,False,0.48,G,55.6,2.4,2014
162,Jordan Hill,LAL,26,72,24,48,20.8,9.7,7.2,54.9,0.0,0.0,2.5,68.5,2.7,4.7,7.4,0.8,1.0,0.4,0.9,2.4,22.5,15,0,-4.2,2014,0,False,0.33,F-C,50.2,-4.2,2014
163,Courtney Lee,MEM,28,79,47,32,25.0,9.6,7.8,48.0,2.5,37.1,1.4,88.4,0.4,2.0,2.4,1.5,0.9,0.8,0.4,1.6,17.3,0,0,0.9,2014,0,False,0.59,G,60.8,6.1,2014
164,Ray Allen,MIA,38,73,47,26,26.5,9.6,7.4,44.2,4.2,37.5,1.6,90.5,0.3,2.5,2.8,2.0,1.2,0.7,0.1,1.6,17.3,0,0,2.2,2014,2,False,0.64,G,70.4,15.8,2014
165,Greivis Vasquez,TOR,27,79,46,33,22.5,9.6,8.3,42.1,3.7,37.7,1.4,88.0,0.3,1.9,2.2,4.1,1.6,0.4,0.1,1.8,18.1,1,0,2.1,2014,0,False,0.58,G,56.1,2.7,2014
166,Mike Scott,ATL,25,80,36,44,18.5,9.6,7.9,47.9,2.5,31.0,1.7,78.0,0.8,2.8,3.6,0.9,1.0,0.4,0.1,1.5,15.7,1,0,-2.4,2014,0,False,0.45,F,59.8,5.8,2014
167,Kyle Singler,DET,26,82,29,53,28.5,9.6,7.3,44.7,3.0,38.2,2.2,82.6,1.4,2.3,3.7,0.9,1.0,0.7,0.5,2.6,18.0,1,0,-2.8,2014,0,False,0.35,F,57.2,2.5,2014
168,Ricky Rubio,MIN,23,82,40,42,32.2,9.5,8.2,38.1,1.6,33.1,3.5,80.2,0.7,3.4,4.2,8.6,2.7,2.3,0.1,2.7,32.1,15,2,4.6,2014,0,False,0.49,G,64.4,9.6,2014
169,Jarrett Jack,CLE,30,80,32,48,28.2,9.5,8.7,41.0,2.3,34.1,1.9,83.9,0.3,2.5,2.8,4.1,1.7,0.7,0.3,1.7,20.2,1,0,-3.0,2014,0,False,0.4,G,56.4,2.2,2014
170,Harrison Barnes,GSW,22,78,48,30,28.3,9.5,8.7,39.9,2.4,34.7,2.3,71.8,0.8,3.1,4.0,1.5,1.1,0.8,0.3,2.0,18.7,1,0,-0.6,2014,0,False,0.62,F,54.4,-1.0,2014
171,Glen Davis,LAC,28,68,30,38,24.4,9.4,8.7,45.7,0.2,36.4,2.0,69.3,1.6,3.6,5.2,1.1,1.1,0.9,0.4,2.3,20.0,5,0,-2.4,2014,0,False,0.44,F-C,51.5,-2.2,2014
172,Brian Roberts,NOP,28,72,28,44,23.2,9.4,8.1,42.0,2.5,36.0,1.8,94.0,0.2,1.7,1.9,3.3,1.3,0.6,0.1,1.8,17.3,0,0,-1.9,2014,0,False,0.39,G,58.8,5.9,2014
173,Timofey Mozgov,DEN,27,82,36,46,21.6,9.4,6.6,52.3,0.3,16.7,3.2,75.4,2.1,4.4,6.4,0.8,1.5,0.3,1.2,2.6,21.4,10,0,0.3,2014,0,False,0.44,C,45.9,-8.7,2014
174,P.J. Tucker,PHX,29,81,48,33,30.7,9.4,7.6,43.1,2.4,38.7,2.5,77.6,2.0,4.5,6.5,1.7,1.3,1.4,0.3,2.5,23.5,11,0,1.6,2014,0,False,0.59,F-G,56.0,0.2,2014
175,Andre Iguodala,GSW,30,63,41,22,32.4,9.3,7.3,48.0,2.8,35.4,2.1,65.2,0.8,3.8,4.7,4.2,1.6,1.5,0.3,1.6,25.0,2,0,9.0,2014,0,False,0.65,F-G,59.5,4.3,2014
176,Jerryd Bayless,BOS,25,72,24,48,23.4,9.3,8.6,40.2,2.9,35.8,1.6,79.7,0.3,1.7,2.0,2.7,1.1,0.8,0.1,2.2,17.4,0,0,-1.5,2014,0,False,0.33,G,65.1,11.4,2014
177,Marvin Williams,UTA,28,66,24,42,25.4,9.1,8.0,43.9,3.5,35.9,1.1,78.1,1.2,3.8,5.1,1.2,0.8,0.8,0.5,2.3,20.0,3,0,-2.6,2014,0,False,0.36,F,54.1,-1.6,2014
178,Kirk Hinrich,CHI,33,73,45,28,29.0,9.1,8.5,39.3,3.3,35.1,1.7,76.0,0.4,2.2,2.6,3.9,1.6,1.1,0.4,2.8,20.9,1,0,2.0,2014,0,False,0.62,G,50.4,-2.9,2014
179,Danny Green,SAS,27,68,54,14,24.3,9.1,7.4,43.2,4.7,41.5,0.9,79.4,0.4,3.0,3.4,1.5,1.1,1.0,0.9,1.6,19.9,1,0,4.9,2014,0,False,0.79,G-F,56.1,0.6,2014
180,Boris Diaw,SAS,32,79,60,19,25.0,9.1,7.3,52.1,1.4,40.2,1.2,73.9,0.9,3.2,4.1,2.8,1.5,0.6,0.4,1.8,19.6,2,0,4.0,2014,0,False,0.76,F,53.2,-1.4,2014
181,Brandan Wright,DAL,26,58,36,22,18.6,9.1,5.7,67.7,0.0,0.0,1.8,72.6,1.8,2.4,4.2,0.5,0.6,0.6,0.9,1.6,18.8,2,0,2.1,2014,0,False,0.62,F,57.3,2.0,2014
182,Wesley Johnson,LAL,26,79,27,52,28.4,9.1,8.2,42.5,3.4,36.9,1.0,79.2,0.9,3.5,4.4,1.6,1.1,1.1,1.0,2.6,21.7,4,0,-4.7,2014,0,False,0.34,F,62.2,6.5,2014
183,Tony Allen,MEM,32,55,31,24,23.2,9.0,7.5,49.4,0.9,23.4,2.2,62.8,1.4,2.3,3.8,1.7,1.6,1.6,0.3,2.2,20.4,1,0,1.7,2014,0,False,0.56,G,41.0,-12.3,2014
184,Aaron Brooks,DEN,29,72,42,30,21.6,9.0,8.1,40.1,3.4,38.7,1.3,87.4,0.6,1.3,1.9,3.2,1.6,0.7,0.2,2.0,17.2,2,0,-1.3,2014,0,False,0.58,G,59.3,5.8,2014
185,Ben McLemore,SAC,21,82,28,54,26.7,8.8,8.3,37.6,3.6,32.0,1.7,80.4,0.6,2.2,2.9,1.0,1.2,0.5,0.2,2.5,14.9,0,0,-2.5,2014,0,False,0.34,G,61.2,6.1,2014
186,Tyson Chandler,NYK,31,55,24,31,30.2,8.7,5.9,59.3,0.0,0.0,2.8,63.2,2.9,6.7,9.6,1.1,1.3,0.7,1.1,2.6,26.0,16,0,0.3,2014,1,False,0.44,C,53.4,-1.2,2014
187,Kelly Olynyk,BOS,23,70,18,52,20.0,8.7,7.2,46.6,1.6,35.1,1.7,81.1,2.0,3.2,5.2,1.6,1.5,0.5,0.4,3.2,18.4,3,0,-0.1,2014,0,False,0.26,C-F,54.6,0.3,2014
188,Will Bynum,DET,31,56,17,39,18.8,8.7,7.7,42.8,1.1,32.3,2.2,80.2,0.4,1.3,1.8,3.9,1.8,0.7,0.1,2.2,17.2,1,0,-1.9,2014,0,False,0.3,G,57.3,4.8,2014
189,Andrew Bynum,IND,26,26,11,15,19.8,8.7,8.7,41.8,0.0,0.0,1.9,75.5,2.0,3.5,5.6,1.1,1.3,0.2,1.1,1.2,19.8,2,0,-5.2,2014,1,False,0.42,C,47.8,-6.4,2014
190,Mirza Teletovic,BKN,28,72,41,31,19.4,8.6,7.3,41.8,4.8,39.0,0.9,71.0,0.8,2.9,3.7,0.8,0.8,0.4,0.3,2.0,15.7,2,0,-1.3,2014,0,False,0.57,F,52.2,-1.6,2014
191,Patrick Patterson,TOR,25,65,37,28,23.6,8.5,7.5,46.0,2.3,36.4,1.1,70.4,1.8,3.5,5.3,1.2,1.0,0.8,0.6,2.4,19.9,1,0,2.6,2014,0,False,0.57,F,53.2,-2.0,2014
192,Jeremy Lamb,OKC,22,78,57,21,19.7,8.5,7.8,43.2,3.2,35.6,0.8,79.7,0.3,2.1,2.4,1.5,0.8,0.7,0.3,1.8,16.0,0,0,2.8,2014,0,False,0.73,G,57.0,4.0,2014
193,Josh McRoberts,CHA,27,78,39,39,30.3,8.5,7.3,43.6,3.7,36.1,1.1,72.9,1.1,3.7,4.8,4.3,1.1,0.7,0.6,2.4,23.6,2,0,0.5,2014,0,False,0.5,F,55.0,0.1,2014
194,Anderson Varejao,CLE,31,65,25,40,27.7,8.4,7.1,49.5,0.1,0.0,2.1,68.1,2.9,6.8,9.7,2.2,1.1,1.1,0.6,2.5,27.1,16,0,1.0,2014,0,False,0.38,C,50.9,-2.5,2014
195,Troy Daniels,HOU,22,5,3,2,15.0,8.4,6.2,48.4,5.0,48.0,0.0,0.0,0.0,0.8,0.8,1.0,0.6,0.0,0.0,1.2,10.3,0,0,5.6,2014,0,False,0.6,G,72.7,19.9,2014
196,Evan Fournier,DEN,21,76,35,41,19.8,8.4,7.2,41.9,3.1,37.6,1.6,75.6,0.4,2.2,2.7,1.5,1.3,0.4,0.1,2.4,14.1,0,0,0.1,2014,0,False,0.46,G,61.5,7.6,2014
197,Kris Humphries,BOS,29,69,22,47,19.9,8.4,6.7,50.1,0.0,0.0,2.1,81.3,1.8,4.1,5.9,1.0,0.9,0.4,0.9,2.0,20.0,8,0,-2.6,2014,0,False,0.32,C-F,51.7,-3.0,2014
198,Anthony Morrow,NOP,28,76,32,44,18.8,8.4,6.8,45.8,2.6,45.1,1.1,82.8,0.4,1.5,1.8,0.8,0.7,0.5,0.2,1.3,13.0,0,0,0.6,2014,0,False,0.42,G,63.0,9.2,2014
199,J.J. Barea,MIN,30,79,40,39,18.6,8.4,8.3,38.7,2.9,31.6,1.3,79.0,0.2,1.7,1.9,3.8,1.6,0.3,0.0,1.6,15.9,1,0,-1.2,2014,0,False,0.51,G,63.5,10.9,2014
200,Drew Gooden,WAS,32,22,12,10,18.0,8.3,6.5,53.1,0.8,41.2,1.2,88.9,1.7,3.5,5.2,0.7,0.8,0.5,0.3,2.4,17.1,1,0,-1.3,2014,0,False,0.55,F,61.1,7.4,2014
201,Shaun Livingston,BKN,28,76,42,34,26.0,8.3,6.4,48.3,0.1,16.7,2.5,82.7,0.9,2.4,3.2,3.2,1.4,1.2,0.4,2.3,20.5,1,0,0.8,2014,0,False,0.55,G,46.9,-7.4,2014
202,Danny Granger,LAC,31,41,31,10,20.7,8.2,7.5,37.8,3.1,33.6,1.6,94.0,0.8,2.5,3.2,1.0,1.1,0.3,0.4,1.5,14.6,0,0,2.3,2014,0,False,0.76,F,45.7,-8.8,2014
203,Tiago Splitter,SAS,29,59,46,13,21.5,8.2,5.9,52.3,0.1,0.0,2.9,69.9,2.1,4.1,6.2,1.5,1.3,0.5,0.5,2.0,19.6,5,0,4.5,2014,0,False,0.78,C,42.8,-12.0,2014
204,Manny Harris,LAL,24,9,2,7,20.0,8.1,7.8,40.0,2.2,35.0,1.3,83.3,0.8,3.0,3.8,1.2,1.0,0.4,0.1,1.1,15.1,0,0,-5.7,2014,0,False,0.22,G,86.7,31.7,2014
205,Miles Plumlee,PHX,25,80,47,33,24.5,8.1,6.9,51.7,0.0,0.0,1.7,56.1,2.5,5.4,7.8,0.5,1.4,0.6,1.1,2.3,22.1,11,0,0.6,2014,0,False,0.59,C-F,49.5,-5.7,2014
206,Derrick Williams,SAC,23,78,29,49,23.3,8.0,6.2,42.7,1.3,26.3,3.3,71.8,0.9,3.2,4.1,0.7,1.0,0.6,0.3,1.5,15.7,5,0,-2.3,2014,0,False,0.37,F,58.7,3.7,2014
207,Jeffery Taylor,CHA,25,26,12,14,24.2,8.0,8.4,37.6,2.6,26.9,1.8,55.3,0.6,1.7,2.3,0.8,1.0,0.5,0.2,2.4,13.2,0,0,-2.9,2014,0,False,0.46,F,43.4,-9.9,2014
208,Ryan Kelly,LAL,23,59,15,44,22.2,8.0,6.3,42.3,2.4,33.8,2.3,81.5,0.7,3.0,3.7,1.6,0.8,0.5,0.8,2.5,18.0,2,0,-1.5,2014,0,False,0.25,F,60.1,4.8,2014
209,Kendall Marshall,LAL,22,54,14,40,29.0,8.0,7.8,40.6,3.3,39.9,0.7,52.8,0.3,2.6,2.9,8.8,2.8,0.9,0.1,1.4,24.8,15,0,-3.2,2014,0,False,0.26,G,74.0,19.6,2014
210,Jermaine O'Neal,GSW,35,44,27,17,20.1,7.9,5.6,50.4,0.0,0.0,3.0,75.0,1.9,3.6,5.5,0.6,1.2,0.3,0.9,2.3,17.9,2,0,0.5,2014,3,False,0.61,C-F,43.2,-11.8,2014
211,Michael Beasley,MIA,25,55,36,19,15.1,7.9,6.5,49.9,1.0,38.9,1.4,77.2,0.6,2.6,3.1,0.8,1.0,0.4,0.4,1.7,14.2,0,0,-0.8,2014,0,False,0.65,F,51.8,-2.2,2014
212,Devin Harris,DAL,31,40,24,16,20.4,7.9,6.4,37.8,2.5,30.7,2.9,80.0,0.2,1.9,2.1,4.5,1.5,0.7,0.1,1.8,17.9,1,0,3.9,2014,0,False,0.6,G,65.6,11.6,2014
213,Larry Sanders,MIL,25,23,3,20,25.4,7.7,7.0,46.9,0.0,0.0,2.4,47.3,2.6,4.6,7.2,0.8,1.1,0.8,1.7,3.2,24.0,2,0,-4.8,2014,0,False,0.13,C,44.5,-10.3,2014
214,Zaza Pachulia,MIL,30,53,10,43,25.0,7.7,6.6,42.7,0.0,0.0,2.5,84.6,2.7,3.6,6.3,2.6,1.7,0.8,0.3,2.3,20.7,4,0,-3.4,2014,0,False,0.19,C,57.9,3.4,2014
215,Austin Rivers,NOP,21,69,27,42,19.4,7.7,6.9,40.5,1.4,36.4,2.5,63.6,0.4,1.5,1.9,2.3,1.1,0.7,0.1,1.9,14.6,1,0,-0.2,2014,0,False,0.39,G,52.2,-1.2,2014
216,Luis Scola,IND,34,82,56,26,17.1,7.6,6.8,47.0,0.1,14.3,1.7,72.8,1.0,3.7,4.8,1.0,1.3,0.3,0.2,2.0,15.1,1,0,0.0,2014,0,False,0.68,F,53.3,-1.4,2014
217,Henry Sims,PHI,24,46,11,35,19.0,7.6,6.0,47.4,0.0,0.0,2.6,74.4,2.3,2.9,5.2,1.1,0.9,0.6,0.4,2.5,17.7,4,0,-3.0,2014,0,False,0.24,C,54.2,-0.7,2014
218,Leandro Barbosa,PHX,31,20,12,8,18.4,7.5,6.6,42.7,1.3,28.0,2.0,79.5,0.3,1.6,1.9,1.6,1.0,0.4,0.2,1.5,12.8,0,0,2.7,2014,0,False,0.6,G,40.9,-11.9,2014
219,Shelvin Mack,ATL,24,73,33,40,20.4,7.5,6.9,41.7,2.5,33.7,1.0,86.5,0.3,1.9,2.2,3.7,1.2,0.7,0.0,1.4,16.6,1,0,-0.7,2014,0,False,0.45,G,57.1,3.6,2014
220,Mason Plumlee,BKN,24,70,37,33,18.2,7.4,4.3,65.9,0.0,0.0,2.8,62.6,1.4,3.0,4.4,0.9,1.1,0.7,0.8,2.4,17.4,4,0,-1.3,2014,0,False,0.53,F-C,54.9,0.4,2014
221,Maurice Harkless,ORL,21,80,22,58,24.4,7.4,6.0,46.4,1.9,38.3,1.8,59.4,0.9,2.4,3.3,1.0,1.1,1.2,0.6,1.8,17.3,1,0,-3.8,2014,0,False,0.28,F,60.1,4.8,2014
222,James Johnson,MEM,27,52,33,19,18.4,7.4,5.9,46.4,1.7,25.3,1.7,84.4,1.2,2.0,3.2,2.1,1.3,0.8,1.1,2.0,18.9,1,0,1.8,2014,0,False,0.63,F,57.5,2.2,2014
223,Andrew Bogut,GSW,29,67,40,27,26.4,7.3,5.6,62.7,0.0,0.0,1.0,34.4,2.7,7.3,10.0,1.7,1.4,0.7,1.8,3.1,27.9,13,0,4.6,2014,1,False,0.6,C,48.5,-6.6,2014
224,Alan Anderson,BKN,31,78,43,35,22.7,7.2,6.2,40.0,3.2,33.9,1.5,78.0,0.5,1.7,2.2,1.0,0.8,0.6,0.1,1.9,13.0,0,0,-0.7,2014,0,False,0.55,F-G,60.7,6.7,2014
225,Michael Kidd-Gilchrist,CHA,20,62,35,27,24.2,7.2,5.7,47.3,0.1,11.1,3.0,61.4,1.8,3.5,5.2,0.8,1.0,0.7,0.6,2.3,17.8,1,0,0.1,2014,0,False,0.56,F,49.3,-6.2,2014
226,Nate Wolters,MIL,23,58,10,48,22.6,7.2,6.7,43.7,1.1,29.0,1.6,65.6,0.6,2.0,2.6,3.2,1.0,0.6,0.3,1.2,16.7,0,0,-0.4,2014,0,False,0.17,G,56.1,3.3,2014
227,Al-Farouq Aminu,NOP,23,80,33,47,25.6,7.2,6.2,47.4,0.6,27.1,1.7,66.4,1.6,4.6,6.2,1.4,1.1,1.0,0.5,1.8,20.1,5,0,-3.2,2014,0,False,0.41,F,60.2,4.5,2014
228,Jason Thompson,SAC,27,82,28,54,24.5,7.1,6.0,50.6,0.0,0.0,1.8,57.9,1.9,4.6,6.4,0.6,1.2,0.4,0.7,3.1,17.9,8,0,-0.1,2014,0,False,0.34,F-C,53.6,-2.1,2014
229,Mike Miller,MEM,34,82,50,32,20.8,7.1,5.4,48.1,2.8,45.9,0.7,82.1,0.4,2.2,2.5,1.6,0.9,0.3,0.1,1.2,12.7,0,0,-0.6,2014,0,False,0.61,F,57.1,2.1,2014
230,Pero Antic,ATL,31,50,23,27,18.5,7.0,5.9,41.8,3.4,32.7,1.3,75.8,1.1,3.0,4.2,1.2,1.1,0.4,0.2,2.5,14.6,3,0,2.6,2014,0,False,0.46,C,52.4,-2.9,2014
231,JaVale McGee,DEN,26,5,1,4,15.9,7.0,7.6,44.7,0.0,0.0,0.2,100.0,2.0,1.4,3.4,0.4,1.6,0.2,1.4,3.2,14.9,0,0,-1.0,2014,0,False,0.2,C,65.2,8.1,2014
232,Chris Douglas-Roberts,CHA,27,49,27,22,20.7,6.9,5.1,44.0,2.7,38.6,1.7,80.5,0.3,2.1,2.4,1.0,0.7,0.6,0.3,1.2,13.4,0,0,-0.2,2014,0,False,0.55,G,55.0,1.6,2014
233,Jared Dudley,LAC,28,74,51,23,23.4,6.9,6.0,43.8,3.0,36.0,0.8,65.5,0.5,1.7,2.2,1.4,0.8,0.6,0.1,2.0,12.9,0,0,2.9,2014,0,False,0.69,F,54.7,0.0,2014
234,Omri Casspi,HOU,26,71,46,25,18.1,6.9,5.8,42.2,2.5,34.7,1.7,68.0,0.8,2.9,3.7,1.2,1.0,0.6,0.2,1.4,14.6,1,0,2.1,2014,0,False,0.65,F,54.9,0.9,2014
235,Steve Blake,GSW,34,55,31,24,27.2,6.9,6.4,37.7,3.8,37.6,0.8,76.7,0.2,2.7,2.9,5.6,1.9,1.0,0.1,1.5,20.2,3,1,-3.1,2014,0,False,0.56,G,65.2,12.0,2014
236,Jeff Adrien,MIL,28,53,17,36,18.1,6.8,5.2,52.0,0.0,0.0,2.2,63.9,1.9,3.8,5.8,0.7,0.7,0.5,0.7,2.0,17.5,4,0,-1.4,2014,0,False,0.32,F,58.3,4.3,2014
237,Trevor Booker,WAS,26,72,36,36,21.6,6.8,5.6,55.1,0.0,0.0,1.1,61.8,2.1,3.2,5.3,0.9,0.8,0.6,0.6,1.8,17.2,5,0,-0.8,2014,0,False,0.5,F,60.8,5.7,2014
238,Giannis Antetokounmpo,MIL,19,77,14,63,24.6,6.8,5.4,41.4,1.5,34.7,2.6,68.3,1.0,3.4,4.4,1.9,1.6,0.8,0.8,2.2,18.2,2,0,-2.3,2014,0,False,0.18,G-F,48.4,-6.0,2014
239,Steve Nash,LAL,40,15,4,11,20.8,6.8,6.3,38.3,1.6,33.3,1.6,91.7,0.3,1.7,1.9,5.7,2.1,0.5,0.1,1.2,17.5,1,0,-4.3,2014,7,False,0.27,G,73.1,19.4,2014
240,Jordan Hamilton,HOU,23,60,31,29,17.0,6.7,6.3,39.1,3.3,35.4,0.9,78.4,0.5,2.7,3.2,0.9,0.8,0.7,0.3,1.1,14.3,0,0,-1.7,2014,0,False,0.52,F-G,53.8,1.0,2014
241,Jordan Hamilton,HOU,23,60,31,29,17.0,6.7,6.3,39.1,3.3,35.4,0.9,78.4,0.5,2.7,3.2,0.9,0.8,0.7,0.3,1.1,14.3,0,0,-1.7,2014,0,False,0.52,F,60.2,4.5,2014
242,Iman Shumpert,NYK,24,74,36,38,26.5,6.7,6.5,37.8,3.1,33.3,1.0,74.6,1.1,3.1,4.2,1.7,1.1,1.2,0.2,2.8,17.5,0,0,2.1,2014,0,False,0.49,G-F,64.0,9.1,2014
243,Chase Budinger,MIN,26,41,21,20,18.3,6.7,6.2,39.4,2.9,35.0,1.0,82.1,0.5,2.0,2.5,0.8,0.6,0.5,0.0,1.4,11.8,0,0,0.0,2014,0,False,0.51,F,57.3,2.7,2014
244,Chris Andersen,MIA,35,72,49,23,19.4,6.6,3.8,64.4,0.2,25.0,2.3,71.0,1.8,3.5,5.3,0.3,0.7,0.4,1.3,2.3,18.0,1,0,2.3,2014,0,False,0.68,F-C,49.0,-5.3,2014
245,Al Harrington,WAS,34,34,20,14,15.0,6.6,6.1,39.6,2.9,34.0,1.0,77.1,0.4,1.9,2.4,0.8,1.0,0.4,0.0,2.1,10.9,0,0,1.4,2014,0,False,0.59,F,64.8,9.3,2014
246,Samuel Dalembert,DAL,34,80,48,32,20.2,6.6,4.7,56.8,0.0,0.0,1.7,73.7,2.5,4.3,6.8,0.5,1.1,0.5,1.2,2.6,19.4,5,0,0.3,2014,0,False,0.6,C,50.3,-5.4,2014
247,C.J. Watson,IND,30,63,48,15,18.9,6.6,5.3,43.7,2.3,36.6,1.4,78.4,0.3,1.3,1.6,1.7,1.0,1.0,0.1,1.0,13.3,0,0,2.2,2014,0,False,0.76,G,56.5,4.2,2014
248,Kevin Garnett,BKN,38,54,27,27,20.5,6.5,6.6,44.1,0.1,0.0,0.9,80.9,1.1,5.5,6.6,1.5,1.3,0.8,0.7,2.3,20.1,3,0,-0.5,2014,9,False,0.5,C-F,49.4,-5.4,2014
249,Marreese Speights,GSW,26,79,48,31,12.4,6.4,5.6,44.1,0.4,25.8,1.7,82.1,1.3,2.4,3.7,0.4,0.8,0.1,0.4,1.9,12.3,1,0,-1.5,2014,0,False,0.61,F-C,53.1,-1.2,2014
250,Norris Cole,MIA,25,82,54,28,24.6,6.4,6.1,41.4,2.1,34.5,0.8,77.9,0.2,1.7,2.0,3.0,1.5,0.9,0.1,1.9,14.8,0,0,1.2,2014,0,False,0.66,G,66.7,13.2,2014
251,Kosta Koufos,MEM,25,80,48,32,16.9,6.4,5.7,49.5,0.0,0.0,1.2,64.5,2.0,3.2,5.2,0.5,0.8,0.4,0.9,2.3,16.5,4,0,0.5,2014,0,False,0.6,C,44.6,-10.7,2014
252,DeJuan Blair,DAL,25,78,46,32,15.6,6.4,5.0,53.4,0.0,0.0,1.6,63.6,1.8,2.9,4.7,0.9,1.0,0.8,0.3,2.5,15.5,2,0,-0.1,2014,0,False,0.59,C-F,54.7,-0.6,2014
253,E'Twaun Moore,ORL,25,79,22,57,19.1,6.3,5.8,42.8,2.0,35.4,0.9,76.5,0.4,1.4,1.7,1.4,0.7,0.8,0.2,1.3,12.6,0,0,-1.9,2014,0,False,0.28,G,54.0,0.9,2014
254,Dante Cunningham,MIN,27,81,39,42,20.2,6.3,6.3,46.4,0.1,0.0,0.8,56.7,1.4,2.7,4.1,1.0,0.5,0.8,0.7,1.8,16.6,2,0,-0.5,2014,0,False,0.48,F,55.8,1.3,2014
255,Luke Babbitt,NOP,25,27,9,18,17.5,6.3,5.7,39.0,3.5,37.9,0.7,77.8,0.7,2.6,3.3,1.1,0.6,0.3,0.4,1.9,13.3,0,0,2.6,2014,0,False,0.33,F,55.6,-0.2,2014
256,Thabo Sefolosha,OKC,30,61,44,17,26.0,6.3,5.6,41.5,2.5,31.6,1.1,76.8,0.8,2.8,3.6,1.5,0.9,1.3,0.3,1.5,16.7,0,0,2.0,2014,0,False,0.72,G,60.2,4.5,2014
257,Quincy Pondexter,MEM,26,15,7,8,18.0,6.3,5.3,39.2,2.3,32.4,1.7,80.8,0.7,1.1,1.7,1.3,1.0,0.3,0.1,1.2,10.5,0,0,-7.1,2014,0,False,0.47,F,63.2,8.9,2014
258,Chris Johnson,BOS,24,40,11,29,19.7,6.3,5.4,39.7,3.2,33.9,1.1,86.0,0.8,1.7,2.4,0.8,0.6,0.7,0.1,1.6,12.1,0,0,0.4,2014,0,False,0.28,F-G,67.5,12.6,2014
259,Chris Johnson,BOS,24,40,11,29,19.7,6.3,5.4,39.7,3.2,33.9,1.1,86.0,0.8,1.7,2.4,0.8,0.6,0.7,0.1,1.6,12.1,0,0,0.4,2014,0,False,0.28,F-G,67.5,12.6,2014
260,Draymond Green,GSW,24,82,51,31,21.9,6.2,5.6,40.7,2.0,33.3,1.5,66.7,1.0,3.9,5.0,1.9,1.1,1.2,0.9,2.8,20.3,4,0,1.8,2014,0,False,0.62,F,51.1,-3.1,2014
261,Ray McCallum,SAC,23,45,16,29,19.9,6.2,6.7,37.7,1.3,37.3,1.0,74.4,0.4,1.4,1.8,2.7,0.9,0.5,0.2,1.5,13.5,1,0,-2.1,2014,0,False,0.36,G,54.2,1.2,2014
262,Kyle O'Quinn,ORL,24,69,20,49,17.2,6.2,5.4,50.1,0.0,0.0,1.2,68.7,1.4,3.8,5.3,1.1,1.1,0.6,1.3,2.4,18.6,2,0,-0.4,2014,0,False,0.29,F,51.3,-2.2,2014
263,Jon Leuer,MEM,25,49,24,25,13.1,6.2,5.0,49.2,1.0,46.9,1.0,78.7,0.8,2.5,3.2,0.4,0.6,0.4,0.3,1.3,12.0,1,0,-0.3,2014,0,False,0.49,F,55.3,1.5,2014
264,Anthony Tolliver,CHA,29,64,33,31,20.3,6.1,4.8,42.0,3.9,41.3,0.6,80.5,0.5,2.1,2.6,0.7,0.4,0.3,0.2,1.3,11.5,0,0,1.2,2014,0,False,0.52,F,52.2,-3.9,2014
265,Jeremy Evans,UTA,26,66,23,43,18.3,6.1,5.0,52.7,0.0,0.0,1.1,68.0,1.8,2.9,4.7,0.7,0.6,0.6,0.7,2.1,16.1,3,0,-2.7,2014,0,False,0.35,F,53.8,-0.8,2014
266,Elliot Williams,PHI,25,67,13,54,17.3,6.0,5.0,41.5,1.9,29.6,1.8,73.1,0.4,1.5,1.9,1.1,1.0,0.5,0.0,1.9,10.7,0,0,-5.4,2014,0,False,0.19,G,64.5,10.5,2014
267,Kent Bazemore,LAL,24,67,35,32,13.6,6.0,5.1,42.9,1.9,33.6,1.6,60.6,0.1,1.6,1.7,1.4,1.2,0.6,0.2,1.5,11.5,0,0,-3.7,2014,0,False,0.52,G,56.8,2.3,2014
268,Chris Wright,MIL,25,8,1,7,15.7,6.0,4.4,60.0,0.1,0.0,1.9,40.0,1.3,1.3,2.5,0.6,0.6,0.9,0.6,2.1,13.8,0,0,-3.1,2014,0,False,0.12,F,52.2,0.4,2014
269,Chris Wright,MIL,25,8,1,7,15.7,6.0,4.4,60.0,0.1,0.0,1.9,40.0,1.3,1.3,2.5,0.6,0.6,0.9,0.6,2.1,13.8,0,0,-3.1,2014,0,False,0.12,F,52.2,0.4,2014
270,Hollis Thompson,PHI,23,77,18,59,22.6,6.0,4.8,46.0,2.2,40.1,0.9,71.2,0.9,2.3,3.2,0.9,0.8,0.7,0.2,1.9,13.0,0,0,-4.7,2014,0,False,0.23,G-F,61.4,6.0,2014
271,Cody Zeller,CHA,21,82,43,39,17.3,6.0,4.9,42.6,0.0,0.0,2.4,73.0,1.4,2.9,4.3,1.1,1.1,0.5,0.5,2.1,14.7,1,0,-1.0,2014,0,False,0.52,C-F,53.0,-1.5,2014
272,Tayshaun Prince,MEM,34,76,46,30,25.6,6.0,6.5,40.7,0.9,29.0,0.8,56.7,0.4,2.7,3.1,1.6,0.5,0.5,0.3,0.8,13.8,0,0,0.6,2014,0,False,0.61,F,58.6,2.9,2014
273,Darrell Arthur,DEN,26,68,33,35,17.1,5.9,6.0,39.5,0.9,37.5,0.9,85.5,0.8,2.3,3.1,0.9,0.9,0.6,0.7,2.7,13.9,0,0,1.1,2014,0,False,0.49,F,48.4,-5.9,2014
274,Kentavious Caldwell-Pope,DET,21,80,28,52,19.8,5.9,5.8,39.6,2.3,31.9,0.8,77.0,0.5,1.5,2.0,0.7,0.4,0.9,0.2,1.8,12.2,0,0,-0.8,2014,0,False,0.35,G,60.0,6.4,2014
275,Alexis Ajinca,NOP,26,56,22,34,17.0,5.9,4.4,54.6,0.0,0.0,1.2,83.6,1.7,3.3,4.9,0.7,1.1,0.4,0.8,3.3,15.4,3,0,-1.8,2014,0,False,0.39,C,54.8,-0.6,2014
276,Omer Asik,HOU,27,48,32,16,20.2,5.8,4.0,53.2,0.0,0.0,2.6,61.9,2.1,5.8,7.9,0.5,1.2,0.3,0.8,1.9,18.0,6,0,1.2,2014,0,False,0.67,C,47.6,-7.8,2014
277,Elton Brand,ATL,35,73,34,39,19.4,5.7,4.5,53.9,0.0,0.0,1.3,64.9,1.3,3.6,4.9,1.0,0.8,0.5,1.2,2.6,17.6,3,0,-0.8,2014,1,False,0.47,F,50.5,-3.2,2014
278,Francisco Garcia,HOU,32,55,33,22,19.7,5.7,5.3,40.1,3.5,35.8,0.3,52.6,0.4,1.8,2.2,1.1,0.5,0.5,0.6,2.2,12.8,0,0,0.6,2014,0,False,0.6,G-F,58.3,3.1,2014
279,Andrew Nicholson,ORL,24,76,19,57,15.4,5.7,5.5,42.9,1.2,31.5,0.8,82.5,0.7,2.7,3.4,0.3,0.7,0.2,0.3,2.0,11.2,3,0,-2.0,2014,0,False,0.25,F,51.7,-3.2,2014
280,Tyler Zeller,CLE,24,70,27,43,15.0,5.7,4.1,53.8,0.0,0.0,1.7,71.9,1.5,2.6,4.0,0.5,0.9,0.3,0.5,2.0,12.8,3,0,-0.1,2014,0,False,0.39,C-F,46.6,-8.0,2014
281,Ed Davis,MEM,25,63,38,25,15.2,5.7,4.6,53.4,0.0,0.0,1.4,52.8,1.5,2.7,4.1,0.4,0.6,0.3,0.7,1.8,13.5,4,0,0.9,2014,0,False,0.6,F,45.7,-9.0,2014
282,Shawne Williams,LAL,28,36,14,22,20.9,5.6,5.3,38.0,3.6,32.6,0.6,70.0,0.7,3.9,4.6,0.8,0.6,0.5,0.8,2.6,15.9,1,0,0.7,2014,0,False,0.39,F,52.1,-2.2,2014
283,Cartier Martin,ATL,29,59,27,32,14.7,5.6,4.5,42.0,2.6,39.1,1.1,73.8,0.2,1.6,1.9,0.6,0.6,0.5,0.1,1.2,9.8,0,0,-2.1,2014,0,False,0.46,F,62.4,7.0,2014
284,Jimmer Fredette,CHI,25,49,20,29,10.6,5.6,4.6,47.1,1.7,47.6,0.4,90.5,0.2,0.9,1.1,1.3,1.0,0.3,0.1,0.7,8.9,0,0,-0.5,2014,0,False,0.41,G,60.0,7.5,2014
285,Donatas Motiejunas,HOU,23,62,42,20,15.4,5.5,4.8,44.3,1.4,25.0,1.5,60.4,1.0,2.7,3.6,0.5,0.8,0.3,0.3,2.1,11.9,3,0,0.8,2014,0,False,0.68,F-C,51.0,-2.7,2014
286,Travis Outlaw,SAC,29,63,22,41,16.9,5.4,5.2,39.9,1.9,35.0,0.8,80.8,0.6,2.1,2.7,0.8,0.4,0.3,0.3,1.5,11.2,1,0,-1.6,2014,0,False,0.35,F,61.3,6.4,2014
287,Robert Sacre,LAL,25,65,20,45,16.8,5.4,4.6,47.7,0.0,0.0,1.4,68.1,1.3,2.6,3.9,0.8,0.7,0.4,0.7,2.1,13.9,0,0,-2.4,2014,0,False,0.31,C,51.6,-2.6,2014
288,Casper Ware,PHI,24,9,3,6,12.9,5.3,4.7,42.9,2.3,33.3,0.7,83.3,0.0,1.0,1.0,1.1,0.6,0.9,0.0,1.2,10.3,0,0,-0.6,2014,0,False,0.33,G,66.7,14.0,2014
289,CJ McCollum,POR,22,38,21,17,12.5,5.3,4.7,41.6,2.1,37.5,0.9,67.6,0.2,1.1,1.3,0.7,0.9,0.4,0.1,1.4,8.2,0,0,-0.5,2014,0,False,0.55,G,47.3,-7.7,2014
290,Derek Fisher,OKC,39,81,59,22,17.6,5.2,4.5,39.1,2.8,38.4,0.9,77.5,0.1,1.4,1.5,1.4,0.6,0.9,0.0,1.9,11.3,0,0,2.9,2014,0,False,0.73,G,61.7,7.6,2014
291,Ben Gordon,CHA,31,19,8,11,14.7,5.2,5.7,34.3,1.5,27.6,1.1,81.0,0.2,1.3,1.4,1.1,1.1,0.5,0.1,0.9,9.4,0,0,1.0,2014,0,False,0.42,G,56.5,3.0,2014
292,John Salmons,TOR,34,78,46,32,22.1,5.2,5.3,36.3,2.1,38.7,0.7,76.9,0.3,1.8,2.1,1.9,0.7,0.6,0.2,1.6,12.3,0,0,-0.1,2014,0,False,0.59,F-G,56.4,1.6,2014
293,Gerald Wallace,BOS,31,58,19,39,24.4,5.1,4.0,50.4,1.1,29.7,1.7,46.5,0.6,3.0,3.7,2.5,1.7,1.3,0.2,1.4,16.1,1,0,-3.0,2014,0,False,0.33,F,55.9,0.7,2014
294,Cory Joseph,SAS,22,68,52,16,13.8,5.0,3.9,47.5,0.6,31.6,1.4,82.3,0.5,1.1,1.6,1.7,0.6,0.5,0.2,1.2,11.0,0,0,0.0,2014,0,False,0.76,G,55.0,1.6,2014
295,Dorell Wright,POR,28,68,48,20,14.5,5.0,4.4,37.4,3.0,34.2,1.0,75.4,0.4,2.4,2.8,0.9,0.6,0.3,0.2,0.9,11.0,0,0,0.8,2014,0,False,0.71,F,54.1,-0.6,2014
296,Andrei Kirilenko,BKN,33,45,30,15,19.1,5.0,3.6,51.3,0.1,20.0,2.6,51.3,1.2,2.0,3.2,1.6,1.2,0.9,0.4,1.4,14.0,1,0,-1.1,2014,0,False,0.67,F,61.2,6.9,2014
297,Luke Ridnour,CHA,33,61,22,39,18.7,5.0,5.4,38.5,1.8,34.3,0.4,65.4,0.4,1.2,1.6,2.9,1.1,0.5,0.1,1.5,12.1,0,0,-3.2,2014,0,False,0.36,G,65.9,12.9,2014
298,Willie Green,LAC,32,55,38,17,15.8,5.0,4.9,37.6,2.2,33.9,0.6,82.4,0.2,1.2,1.4,0.9,0.6,0.4,0.2,1.7,9.2,0,0,1.5,2014,0,False,0.69,G,43.2,-9.8,2014
299,Quincy Miller,DEN,21,52,21,31,15.2,4.9,4.9,36.7,1.8,31.9,1.1,70.9,0.7,2.1,2.8,0.5,0.9,0.4,0.6,1.3,11.3,1,0,-1.2,2014,0,False,0.4,F,52.4,-3.2,2014
300,Nick Calathes,MEM,25,71,42,29,16.5,4.9,4.4,45.7,0.9,31.1,1.0,61.1,0.3,1.6,1.9,2.9,1.4,0.9,0.1,1.6,13.3,0,0,0.3,2014,0,False,0.59,G,51.0,-1.8,2014
301,Andre Miller,WAS,38,58,32,26,16.9,4.9,4.0,45.9,0.4,52.4,1.3,77.9,0.5,1.8,2.2,3.4,1.1,0.6,0.2,1.3,13.8,0,0,0.8,2014,0,False,0.55,G,62.2,8.8,2014
302,Beno Udrih,MEM,31,41,18,23,15.7,4.9,4.3,43.8,1.0,45.2,0.7,83.3,0.2,1.2,1.4,2.8,1.1,0.6,0.1,1.2,11.7,1,0,-2.5,2014,0,False,0.44,G,53.8,-0.5,2014
303,Tyler Hansbrough,TOR,28,64,38,26,15.3,4.9,3.1,47.4,0.0,0.0,2.9,68.1,1.9,2.6,4.5,0.3,0.7,0.4,0.3,2.1,12.1,1,0,-0.1,2014,0,False,0.59,F-C,52.6,-1.4,2014
304,James Jones,MIA,33,20,15,5,11.8,4.9,3.4,45.6,2.7,51.9,0.6,63.6,0.1,1.1,1.2,0.5,0.2,0.2,0.2,0.3,7.8,0,0,3.9,2014,0,False,0.75,F-G,65.6,12.6,2014
305,Thomas Robinson,POR,23,70,47,23,12.5,4.8,4.2,48.1,0.0,0.0,1.4,56.4,1.5,2.9,4.4,0.5,0.8,0.3,0.3,1.9,11.9,1,0,-1.3,2014,0,False,0.67,F,57.5,3.2,2014
306,Ronny Turiaf,MIN,31,31,16,15,19.5,4.8,3.5,59.8,0.0,0.0,1.6,42.0,1.8,3.8,5.6,0.8,0.8,0.3,1.6,2.1,17.5,0,0,-0.7,2014,0,False,0.52,C,42.1,-12.6,2014
307,Metta World Peace,NYK,34,29,10,19,13.4,4.8,4.9,39.7,1.9,31.5,0.6,62.5,0.6,1.4,2.0,0.6,0.7,0.8,0.3,1.5,10.8,0,0,-0.1,2014,1,False,0.34,F,50.0,-3.5,2014
308,Anthony Randolph,DEN,24,43,15,28,12.3,4.8,4.1,38.6,1.4,29.5,1.6,75.4,0.5,2.4,2.8,0.7,0.9,0.6,0.4,1.5,11.5,0,0,-2.7,2014,0,False,0.35,F,45.9,-6.9,2014
309,Gorgui Dieng,MIN,24,60,32,28,13.6,4.8,3.8,49.8,0.0,100.0,1.6,63.4,1.7,3.3,5.0,0.7,0.9,0.5,0.8,1.8,14.8,9,0,-0.7,2014,0,False,0.53,C,54.3,-1.0,2014
310,Earl Clark,NYK,26,54,22,32,14.2,4.8,4.8,37.2,2.3,33.6,0.6,64.7,0.4,2.2,2.6,0.3,0.6,0.3,0.5,1.2,10.2,0,0,-2.5,2014,0,False,0.41,F,61.8,6.7,2014
311,Matthew Dellavedova,CLE,23,72,29,43,17.7,4.7,4.1,41.2,2.2,36.8,0.7,79.2,0.4,1.3,1.7,2.6,0.8,0.5,0.1,1.7,11.4,3,0,1.0,2014,0,False,0.4,G,62.8,9.6,2014
312,Kevin Seraphin,WAS,24,53,25,28,10.9,4.7,4.2,50.5,0.0,0.0,0.6,87.1,1.0,1.4,2.4,0.3,0.8,0.1,0.5,1.9,8.9,0,0,-0.6,2014,0,False,0.47,C,47.7,-6.5,2014
313,Jannero Pargo,CHA,34,29,15,14,8.3,4.7,4.1,44.1,2.1,40.0,0.4,72.7,0.0,0.7,0.7,1.8,0.9,0.5,0.0,0.6,8.9,0,0,-1.8,2014,0,False,0.52,G,54.5,4.0,2014
314,Lavoy Allen,IND,25,65,18,47,16.5,4.7,4.6,44.7,0.2,15.4,0.8,66.0,1.8,3.0,4.8,1.1,0.7,0.4,0.5,1.9,14.0,3,0,-3.2,2014,0,False,0.28,F-C,54.0,0.8,2014
315,Charlie Villanueva,DET,29,20,5,15,9.0,4.6,4.6,38.0,2.8,25.0,0.7,57.1,0.3,1.4,1.7,0.3,0.4,0.2,0.3,0.8,8.1,0,0,-3.6,2014,0,False,0.25,F,58.1,5.0,2014
316,Isaiah Canaan,HOU,23,22,14,8,11.5,4.6,4.0,35.6,2.5,32.7,1.3,72.4,0.3,0.8,1.1,1.0,1.0,0.4,0.2,1.1,8.1,0,0,-1.8,2014,0,False,0.64,G,57.1,4.4,2014
317,Jae Crowder,DAL,23,78,47,31,16.1,4.6,3.8,43.9,1.9,33.1,0.8,75.4,0.6,1.9,2.5,0.8,0.5,0.8,0.3,1.3,11.3,0,0,3.1,2014,0,False,0.6,F,58.3,4.3,2014
318,Jason Terry,BKN,36,35,17,18,16.3,4.5,4.3,36.2,2.9,37.9,0.4,66.7,0.1,0.9,1.1,1.6,0.8,0.4,0.0,1.4,8.6,0,0,-1.9,2014,0,False,0.49,G,56.4,1.5,2014
319,MarShon Brooks,LAL,25,35,13,22,9.0,4.5,3.6,45.6,0.7,52.0,1.3,72.7,0.3,1.3,1.5,0.7,0.7,0.4,0.1,0.6,8.3,0,0,0.7,2014,0,False,0.37,G,64.5,12.0,2014
320,Tony Snell,CHI,22,77,46,31,16.0,4.5,4.4,38.4,2.3,32.0,0.5,75.6,0.2,1.4,1.6,0.9,0.6,0.4,0.2,1.1,8.9,0,0,-1.5,2014,0,False,0.6,G,60.7,5.9,2014
321,Rashard Lewis,MIA,34,60,41,19,16.2,4.5,3.9,41.5,2.2,34.3,0.6,78.8,0.4,1.4,1.8,1.0,0.6,0.9,0.1,1.5,10.6,0,0,0.9,2014,0,False,0.68,F,62.1,8.1,2014
322,Darius Miller,NOP,24,45,14,31,16.1,4.4,3.7,44.0,1.7,32.5,0.8,80.6,0.2,1.0,1.2,1.0,0.5,0.5,0.2,2.0,9.0,0,0,1.1,2014,0,False,0.31,F,64.2,9.0,2014
323,Vitor Faverani,BOS,26,37,13,24,13.2,4.4,4.0,43.5,1.1,30.0,1.0,64.9,1.1,2.3,3.5,0.4,1.1,0.4,0.7,2.0,11.4,1,0,-2.6,2014,0,False,0.35,C,49.0,-4.8,2014
324,Gustavo Ayon,ATL,29,26,12,14,16.5,4.3,3.9,51.0,0.0,0.0,0.8,40.0,1.6,3.2,4.8,1.1,1.1,1.0,0.4,1.8,14.6,1,0,-1.0,2014,0,False,0.46,F-C,51.7,-2.7,2014
325,Kenyon Martin,NYK,36,32,13,19,19.8,4.3,3.8,51.2,0.0,0.0,0.6,57.9,1.1,3.1,4.2,1.6,0.8,0.8,0.8,2.7,15.7,0,0,1.0,2014,0,False,0.41,F,48.2,-5.9,2014
326,Carl Landry,SAC,30,18,5,13,12.9,4.2,3.3,51.7,0.0,0.0,0.9,82.4,0.8,2.3,3.2,0.3,0.5,0.2,0.1,1.9,8.6,0,0,-3.7,2014,0,False,0.28,F,61.3,6.9,2014
327,Jonas Jerebko,DET,27,64,23,41,11.6,4.2,3.3,47.1,1.2,41.9,0.9,72.9,0.8,1.9,2.7,0.6,0.7,0.3,0.1,1.3,9.0,0,0,-1.4,2014,0,False,0.36,F,65.1,10.9,2014
328,Byron Mullens,PHI,25,45,16,29,9.2,4.2,3.7,44.2,2.0,37.1,0.4,50.0,0.5,1.5,2.0,0.3,0.6,0.3,0.2,1.4,8.3,0,0,-3.1,2014,0,False,0.36,C,66.7,12.3,2014
329,Mike Harris,UTA,31,20,1,19,11.2,4.2,3.1,47.5,0.1,0.0,1.4,96.3,0.8,0.9,1.7,0.3,0.6,0.8,0.4,1.8,9.5,0,0,0.7,2014,0,False,0.05,F,54.9,2.8,2014
330,Anthony Bennett,CLE,21,52,20,32,12.7,4.2,4.3,35.6,1.0,24.5,1.3,63.8,0.9,2.0,3.0,0.3,0.9,0.4,0.2,1.8,9.0,2,0,-1.6,2014,0,False,0.38,F,55.9,1.3,2014
331,Nick Collison,OKC,33,81,58,23,16.7,4.2,3.0,55.6,0.2,23.5,1.1,71.0,1.4,2.2,3.6,1.3,0.9,0.4,0.3,2.3,11.7,0,0,4.1,2014,0,False,0.72,F-C,46.4,-8.2,2014
332,Jorge Gutierrez,BKN,25,15,8,7,16.3,4.1,3.6,46.3,0.8,25.0,0.8,75.0,0.2,1.3,1.5,2.0,0.9,0.7,0.1,2.5,10.2,0,0,-2.5,2014,0,False,0.53,G,69.0,17.0,2014
333,Jarvis Varnado,PHI,26,24,5,19,14.1,4.1,2.5,60.0,0.0,0.0,2.2,51.9,0.8,1.8,2.6,0.5,0.4,0.4,1.2,2.6,12.5,0,0,-3.9,2014,0,False,0.21,F-C,55.8,1.2,2014
334,Shane Battier,MIA,35,73,49,24,20.1,4.1,3.8,38.2,2.9,34.8,0.3,65.2,0.5,1.4,1.9,0.9,0.3,0.7,0.5,1.7,11.0,0,0,2.7,2014,0,False,0.67,F,55.3,0.6,2014
335,Will Barton,POR,23,41,27,14,9.4,4.0,3.8,41.7,0.8,30.3,0.8,81.3,0.4,1.4,1.8,0.8,0.4,0.2,0.2,0.8,8.2,2,0,-0.4,2014,0,False,0.66,G,47.2,-6.6,2014
336,Josh Powell,HOU,31,1,0,1,19.4,4.0,6.0,33.3,0.0,0.0,0.0,0.0,0.0,5.0,5.0,0.0,1.0,0.0,1.0,1.0,12.0,0,0,-7.0,2014,0,False,0.0,F,60.0,8.8,2014
337,Alonzo Gee,CLE,27,65,29,36,15.7,4.0,3.6,41.5,0.9,32.8,0.9,70.5,0.5,1.8,2.3,0.7,0.7,0.6,0.2,1.5,9.6,0,0,-3.5,2014,0,False,0.45,F,68.2,14.8,2014
338,Alexey Shved,MIN,25,63,28,35,10.5,4.0,3.8,32.1,1.6,29.4,1.4,75.6,0.3,1.0,1.3,1.1,0.8,0.4,0.3,0.6,8.4,0,0,-0.6,2014,0,False,0.44,G,52.9,-0.8,2014
339,Darius Morris,MEM,23,27,16,11,11.6,4.0,3.6,40.6,1.4,31.6,1.0,65.4,0.3,0.7,1.0,1.6,1.0,0.5,0.0,1.2,8.0,0,0,-2.4,2014,0,False,0.59,G,60.9,8.8,2014
340,Reggie Evans,SAC,34,54,18,36,16.6,4.0,2.8,47.3,0.0,0.0,2.4,55.4,2.1,4.1,6.2,0.4,1.1,0.7,0.1,2.2,13.1,2,0,-1.8,2014,0,False,0.33,F,61.3,6.7,2014
341,Toney Douglas,MIA,28,51,33,18,13.2,4.0,3.7,38.4,2.0,30.4,0.7,73.5,0.4,1.4,1.7,1.3,0.7,0.4,0.1,1.6,8.8,0,0,-0.3,2014,0,False,0.65,G,65.4,11.3,2014
342,Tyshawn Taylor,BKN,24,23,11,12,11.7,3.9,4.0,34.1,0.5,25.0,1.3,80.0,0.1,0.5,0.7,1.6,1.3,0.5,0.0,1.3,7.3,1,0,-5.7,2014,0,False,0.48,G,57.1,5.1,2014
343,Shabazz Muhammad,MIN,21,37,21,16,7.8,3.9,3.4,46.0,0.3,27.3,1.1,65.0,0.6,0.8,1.4,0.2,0.4,0.2,0.0,0.6,6.1,0,0,-2.0,2014,0,False,0.57,F,47.1,-7.3,2014
344,Antawn Jamison,LAC,38,22,15,7,11.3,3.8,4.2,31.5,1.9,19.5,1.1,72.0,0.4,2.1,2.5,0.3,0.3,0.4,0.1,1.3,8.6,0,0,2.5,2014,0,False,0.68,F,55.0,1.7,2014
345,Pablo Prigioni,NYK,37,66,29,37,19.4,3.8,2.9,46.1,2.1,46.4,0.2,91.7,0.5,1.4,2.0,3.5,0.9,1.0,0.0,2.0,13.6,0,0,0.5,2014,0,False,0.44,G,62.0,8.6,2014
346,Mike Muscala,ATL,22,20,10,10,10.7,3.8,3.7,42.5,0.2,0.0,0.7,100.0,0.9,1.8,2.6,0.4,0.6,0.2,0.5,1.5,8.8,0,0,-4.6,2014,0,False,0.5,C,66.7,10.6,2014
347,Chauncey Billups,DET,37,19,7,12,16.3,3.8,4.2,30.4,2.5,29.2,0.6,83.3,0.2,1.3,1.5,2.2,1.3,0.4,0.1,1.3,9.0,0,0,-2.2,2014,3,False,0.37,G,73.7,19.6,2014
348,John Lucas III,UTA,31,42,10,32,14.1,3.8,4.5,32.6,2.0,29.8,0.4,62.5,0.3,0.6,0.9,1.0,0.5,0.3,0.0,1.0,6.9,0,0,-4.0,2014,0,False,0.24,G,67.9,13.1,2014
349,Miroslav Raduljica,MIL,26,48,7,41,9.7,3.8,2.6,54.0,0.0,0.0,1.1,81.8,1.1,1.1,2.3,0.5,0.6,0.1,0.3,1.8,7.9,0,0,-1.0,2014,0,False,0.15,C,41.5,-12.6,2014
350,Nando De Colo,TOR,27,47,36,11,10.5,3.8,3.3,41.8,1.1,34.0,0.7,88.6,0.3,1.3,1.6,1.4,0.7,0.5,0.1,1.0,8.7,0,0,0.0,2014,0,False,0.77,G,53.3,1.0,2014
351,Udonis Haslem,MIA,34,46,30,16,14.2,3.8,3.2,50.7,0.0,0.0,1.0,56.8,0.9,2.9,3.8,0.3,0.5,0.2,0.3,1.7,9.9,0,0,-1.5,2014,0,False,0.65,F,59.7,4.9,2014
352,Dennis Schroder,ATL,20,49,21,28,13.1,3.7,3.8,38.3,0.9,23.8,0.9,67.4,0.1,1.1,1.2,1.9,1.2,0.3,0.0,1.1,7.8,0,0,-4.2,2014,0,False,0.43,G,56.1,5.9,2014
353,Chris Copeland,IND,30,41,25,16,6.5,3.7,2.9,47.0,1.9,41.8,0.3,71.4,0.2,0.6,0.8,0.4,0.3,0.1,0.2,0.9,5.7,0,0,-0.1,2014,0,False,0.61,F,61.2,7.6,2014
354,Archie Goodwin,PHX,19,52,32,20,10.2,3.7,3.2,45.5,0.7,13.9,1.1,67.3,0.5,1.2,1.7,0.4,0.8,0.4,0.2,0.9,7.3,0,0,-1.7,2014,0,False,0.62,G,46.5,-5.1,2014
355,Ish Smith,PHX,25,70,39,31,14.4,3.7,4.0,42.3,0.3,4.3,0.6,56.4,0.4,1.4,1.8,2.6,0.9,0.7,0.2,0.9,11.5,0,0,-0.2,2014,0,False,0.56,G,61.1,9.2,2014
356,Jan Vesely,DEN,24,54,22,32,14.4,3.6,3.2,51.4,0.0,0.0,1.0,33.9,1.5,2.0,3.5,0.4,0.7,1.0,0.6,2.2,12.7,0,0,-2.1,2014,0,False,0.41,F,47.4,-6.8,2014
357,Doron Lamb,ORL,22,53,13,40,13.1,3.6,3.0,39.4,1.7,40.0,0.7,80.6,0.2,0.8,0.9,0.8,0.5,0.2,0.0,1.0,6.1,0,0,0.0,2014,0,False,0.25,G,76.9,22.2,2014
358,Jeremy Tyler,NYK,23,41,20,21,9.7,3.6,2.8,51.7,0.0,0.0,1.2,54.2,0.9,1.7,2.7,0.2,0.6,0.1,0.5,1.7,8.3,1,0,-1.2,2014,0,False,0.49,F,52.1,-1.3,2014
359,Ian Mahinmi,IND,27,77,51,26,16.2,3.5,2.5,48.1,0.0,0.0,1.9,62.1,1.4,1.9,3.3,0.3,0.8,0.5,0.9,2.7,11.7,0,0,0.1,2014,0,False,0.66,C,43.1,-10.9,2014
360,James Southerland,NOP,24,4,2,2,7.5,3.5,3.8,33.3,1.5,50.0,0.5,50.0,0.0,2.0,2.0,0.0,0.3,0.3,0.5,0.8,7.9,0,0,1.8,2014,0,False,0.5,F,14.3,-42.0,2014
361,Luc Mbah a Moute,MIN,27,64,31,33,15.7,3.5,3.0,45.1,0.3,23.5,1.0,68.7,0.9,1.4,2.3,0.6,0.6,0.5,0.2,1.1,8.5,0,0,-2.4,2014,0,False,0.48,F,62.9,7.3,2014
362,Diante Garrett,UTA,25,71,23,48,14.8,3.5,3.7,38.1,1.4,37.5,0.2,83.3,0.2,1.2,1.4,1.7,1.1,0.6,0.1,1.1,8.6,0,0,-1.6,2014,0,False,0.32,G,67.7,14.6,2014
363,Perry Jones III,OKC,22,62,45,17,12.3,3.5,2.9,45.9,1.0,36.1,0.7,66.7,0.5,1.4,1.8,0.4,0.3,0.2,0.3,1.0,7.6,0,0,0.9,2014,0,False,0.73,F,51.9,-2.8,2014
364,Greg Smith,HOU,23,11,7,4,9.1,3.5,2.5,64.3,0.0,0.0,0.5,40.0,1.0,1.5,2.5,0.0,0.5,0.1,0.2,1.5,6.8,0,0,-1.5,2014,0,False,0.64,F-C,46.2,-8.0,2014
365,Greg Smith,HOU,23,11,7,4,9.1,3.5,2.5,64.3,0.0,0.0,0.5,40.0,1.0,1.5,2.5,0.0,0.5,0.1,0.2,1.5,6.8,0,0,-1.5,2014,0,False,0.64,F-C,46.2,-8.0,2014
366,Ekpe Udoh,MIL,27,42,7,35,19.1,3.4,3.4,39.9,0.0,0.0,1.1,63.8,1.5,2.1,3.5,0.7,0.9,0.4,1.0,2.3,12.1,1,0,-4.0,2014,0,False,0.17,F-C,53.5,-0.8,2014
367,Robbie Hummel,MIN,25,53,26,27,12.4,3.4,3.3,37.9,1.7,36.0,0.3,93.8,0.7,1.8,2.5,0.4,0.2,0.3,0.0,1.1,7.9,0,0,0.7,2014,0,False,0.49,F,62.8,7.7,2014
368,Kendrick Perkins,OKC,29,62,48,14,19.5,3.4,3.1,45.1,0.0,0.0,1.1,55.2,1.3,3.6,4.9,1.1,1.5,0.4,0.5,2.9,12.3,0,0,0.7,2014,0,False,0.77,C,46.4,-8.3,2014
369,James Nunnally,PHI,23,13,3,10,12.7,3.4,3.5,32.6,1.9,32.0,0.7,66.7,0.1,1.4,1.5,0.6,0.5,0.5,0.2,0.8,7.4,0,0,-2.8,2014,0,False,0.23,F,59.1,3.9,2014
370,Joel Freeland,POR,27,52,37,15,14.0,3.3,3.1,47.5,0.0,0.0,0.6,69.0,1.7,2.3,4.0,0.7,0.6,0.2,0.4,1.8,10.4,0,0,0.5,2014,0,False,0.71,C-F,49.6,-4.3,2014
371,Steve Novak,TOR,31,54,28,26,10.0,3.3,2.7,41.1,2.3,42.6,0.1,100.0,0.1,0.9,1.1,0.2,0.1,0.2,0.1,0.8,5.7,0,0,1.4,2014,0,False,0.52,F,54.7,0.1,2014
372,Jeff Ayres,SAS,27,73,55,18,13.0,3.3,2.4,58.0,0.0,0.0,0.8,69.1,1.2,2.3,3.5,0.8,0.9,0.2,0.3,2.0,9.5,0,0,1.6,2014,0,False,0.75,C-F,55.4,1.2,2014
373,Jeff Withey,NOP,24,58,21,37,11.8,3.3,2.2,53.5,0.0,0.0,1.3,71.2,0.8,1.7,2.6,0.4,0.3,0.3,0.9,1.3,10.1,0,0,0.5,2014,0,False,0.36,C,46.7,-7.6,2014
374,Steven Adams,OKC,20,81,59,22,14.8,3.3,2.3,50.3,0.0,0.0,1.7,58.1,1.8,2.3,4.1,0.5,0.9,0.5,0.7,2.5,11.7,1,0,0.7,2014,0,False,0.73,C,50.0,-5.0,2014
375,Justin Hamilton,MIA,24,8,4,4,9.0,3.3,2.5,45.0,1.1,33.3,0.6,100.0,0.5,0.4,0.9,0.0,0.5,0.6,0.0,1.0,5.7,0,0,-2.9,2014,0,False,0.5,C,61.1,6.2,2014
376,Matt Bonner,SAS,34,61,43,18,11.3,3.2,2.7,44.5,1.6,42.9,0.2,75.0,0.3,1.9,2.1,0.5,0.3,0.2,0.2,0.8,7.6,1,0,1.8,2014,0,False,0.7,F-C,51.5,-3.0,2014
377,Wayne Ellington,DAL,26,45,23,22,8.7,3.2,2.8,43.7,1.3,42.4,0.2,90.9,0.2,0.8,1.0,0.4,0.2,0.4,0.0,0.7,6.0,0,0,-0.6,2014,0,False,0.51,G,68.1,14.3,2014
378,Jason Maxiell,ORL,31,34,7,27,14.4,3.2,3.1,44.8,0.0,0.0,0.9,48.4,0.8,1.7,2.5,0.3,0.4,0.2,0.6,1.4,8.7,0,0,-2.6,2014,0,False,0.21,F,47.5,-7.7,2014
379,Dewayne Dedmon,ORL,24,31,7,24,12.6,3.1,2.7,45.8,0.0,0.0,1.0,65.6,1.2,2.9,4.1,0.2,0.6,0.2,0.7,2.1,10.5,0,0,-1.9,2014,0,False,0.23,C,53.4,-1.8,2014
380,John Jenkins,ATL,23,13,6,7,12.1,3.1,3.2,38.1,1.4,22.2,0.3,100.0,0.2,1.5,1.7,0.8,0.8,0.1,0.1,0.8,6.0,0,0,-2.0,2014,0,False,0.46,G,66.7,13.6,2014
381,Dwight Buycks,TOR,25,14,5,9,10.4,3.1,3.4,31.3,1.2,29.4,0.6,88.9,0.3,1.4,1.6,0.7,0.7,0.6,0.0,0.8,7.1,0,0,0.0,2014,0,False,0.36,G,44.4,-7.1,2014
382,Aron Baynes,SAS,27,53,41,12,9.3,3.0,3.1,43.6,0.0,0.0,0.4,90.5,1.1,1.7,2.7,0.6,0.7,0.0,0.1,1.5,7.0,0,0,0.5,2014,0,False,0.77,F-C,51.1,-2.3,2014
383,Hedo Turkoglu,LAC,35,38,27,11,10.3,3.0,2.9,38.5,1.3,44.0,0.5,50.0,0.3,2.1,2.3,0.9,0.4,0.5,0.3,1.3,9.0,0,0,0.2,2014,0,False,0.71,F,49.3,-4.7,2014
384,Arnett Moultrie,PHI,23,12,0,12,15.6,3.0,3.2,42.1,0.0,0.0,0.4,80.0,0.9,2.0,2.9,0.2,0.6,0.7,0.3,1.8,9.2,0,0,-4.8,2014,0,False,0.0,F,41.3,-12.2,2014
385,Austin Daye,SAS,26,22,16,6,6.7,3.0,3.1,35.3,1.7,32.4,0.5,60.0,0.2,1.0,1.2,0.4,0.2,0.2,0.2,0.8,5.9,0,0,0.1,2014,0,False,0.73,F,58.6,3.2,2014
386,Chris Singleton,WAS,24,25,13,12,10.0,3.0,2.7,37.3,0.8,36.8,1.0,72.0,0.7,1.5,2.2,0.2,0.7,0.4,0.1,1.0,6.8,0,0,-2.6,2014,0,False,0.52,F,72.2,20.3,2014
387,Melvin Ely,NOP,36,2,2,0,13.6,3.0,3.0,50.0,0.0,0.0,0.0,0.0,0.0,0.5,0.5,0.0,0.0,0.0,0.5,2.5,5.1,0,0,-7.5,2014,0,False,1.0,C-F,66.7,10.5,2014
388,Roger Mason Jr.,MIA,33,25,18,7,10.4,3.0,2.7,37.3,1.9,35.4,0.3,100.0,0.0,0.8,0.9,0.8,0.4,0.2,0.0,1.0,5.6,0,0,-0.2,2014,0,False,0.72,G,73.3,18.1,2014
389,Ian Clark,UTA,23,23,3,20,7.5,3.0,2.9,38.8,1.3,35.5,0.3,71.4,0.1,0.7,0.8,0.7,0.6,0.3,0.1,1.0,5.6,0,0,0.7,2014,0,False,0.13,G,83.3,30.9,2014
390,Daniel Orton,PHI,23,22,7,15,11.4,3.0,2.1,44.7,0.0,0.0,1.4,76.7,0.7,2.0,2.8,0.7,0.8,0.3,0.7,1.7,9.5,1,0,-1.6,2014,0,False,0.32,C,48.3,-4.3,2014
391,Greg Oden,MIA,26,23,16,7,9.2,2.9,2.1,55.1,0.0,0.0,1.0,56.5,1.0,1.3,2.3,0.0,0.5,0.3,0.6,2.3,7.9,0,0,-1.4,2014,0,False,0.7,C,38.9,-14.4,2014
392,Glen Rice,WAS,23,11,2,9,9.9,2.9,3.4,29.7,1.5,29.4,0.6,71.4,0.4,1.5,1.8,0.6,0.8,0.5,0.1,0.6,7.1,0,0,1.2,2014,2,False,0.18,G-F,60.0,3.6,2014
393,Glen Rice,WAS,23,11,2,9,9.9,2.9,3.4,29.7,1.5,29.4,0.6,71.4,0.4,1.5,1.8,0.6,0.8,0.5,0.1,0.6,7.1,0,0,1.2,2014,2,False,0.18,G-F,60.0,3.6,2014
394,Josh Harrellson,DET,25,32,12,20,9.9,2.9,2.6,46.3,1.0,38.7,0.2,71.4,0.9,1.4,2.4,0.5,0.3,0.2,0.5,1.4,8.1,0,0,0.3,2014,0,False,0.38,F-C,38.6,-15.7,2014
395,Greg Stiemsma,NOP,28,55,21,34,18.3,2.9,2.2,57.4,0.0,0.0,0.6,59.4,1.3,2.8,4.1,0.7,0.8,0.6,1.0,3.1,13.0,0,0,-3.1,2014,0,False,0.38,C,54.8,-0.5,2014
396,Bismack Biyombo,CHA,21,77,42,35,13.9,2.9,1.9,61.1,0.0,0.0,1.2,51.7,1.4,3.4,4.8,0.1,0.5,0.1,1.1,1.6,11.8,1,0,-0.5,2014,0,False,0.55,C-F,38.5,-14.9,2014
397,Phil Pressey,BOS,23,75,23,52,15.1,2.8,3.4,30.8,1.4,26.4,0.6,64.4,0.3,1.1,1.4,3.2,1.2,0.9,0.1,1.3,11.1,2,0,-0.4,2014,0,False,0.31,G,62.8,9.4,2014
398,Brandon Davies,PHI,22,51,15,36,11.3,2.8,2.5,42.2,0.2,20.0,1.0,64.2,0.7,1.4,2.1,0.5,0.7,0.5,0.2,1.8,7.4,0,0,-0.6,2014,0,False,0.29,F,59.8,4.9,2014
399,Shane Larkin,DAL,21,48,26,22,10.2,2.8,2.9,38.0,0.8,31.6,0.5,64.0,0.2,0.6,0.9,1.5,0.8,0.5,0.0,1.0,6.9,0,0,1.3,2014,0,False,0.54,G,57.8,5.6,2014
400,Toure' Murry,NYK,24,51,26,25,7.3,2.7,2.5,43.4,0.2,41.7,0.8,59.0,0.3,0.6,0.9,1.0,0.7,0.4,0.0,0.9,5.7,0,0,-0.6,2014,0,False,0.51,G,55.6,2.0,2014
401,Rasual Butler,IND,35,50,30,20,7.6,2.7,2.2,46.4,1.2,41.9,0.3,57.1,0.1,0.7,0.8,0.3,0.2,0.1,0.2,0.6,5.0,0,0,-0.9,2014,0,False,0.6,G-F,54.0,-0.1,2014
402,Carrick Felix,CLE,23,7,2,5,5.4,2.7,2.0,50.0,0.7,40.0,0.6,75.0,0.1,0.7,0.9,0.6,0.6,0.0,0.0,0.6,4.0,0,0,0.6,2014,0,False,0.29,G-F,66.7,15.9,2014
403,Quincy Acy,SAC,23,63,22,41,13.5,2.7,2.2,46.8,0.2,26.7,0.8,66.0,1.1,2.3,3.4,0.4,0.5,0.4,0.4,1.9,9.4,0,0,-2.2,2014,0,False,0.35,F,53.6,-1.1,2014
404,Marquis Teague,BKN,21,40,20,20,11.1,2.7,3.0,31.9,0.5,27.8,0.9,74.3,0.0,1.0,1.0,1.5,1.0,0.3,0.1,1.2,6.2,0,0,-1.7,2014,0,False,0.5,G,53.2,2.1,2014
405,Reggie Bullock,LAC,23,43,30,13,9.2,2.7,2.8,35.5,1.7,30.1,0.2,77.8,0.3,1.0,1.3,0.3,0.3,0.2,0.0,0.6,5.0,0,0,-0.4,2014,0,False,0.7,G,42.9,-9.8,2014
406,Eric Maynor,PHI,27,31,11,20,10.5,2.6,3.3,31.7,1.2,32.4,0.4,54.5,0.3,1.0,1.3,1.7,0.9,0.3,0.1,0.5,6.9,0,0,-5.5,2014,0,False,0.35,G,81.8,27.1,2014
407,Sasha Vujacic,LAC,30,2,1,1,5.2,2.5,2.5,40.0,1.0,50.0,0.0,0.0,0.0,1.5,1.5,0.0,1.5,0.5,0.0,0.5,4.3,0,0,-6.0,2014,0,False,0.5,G,66.7,17.9,2014
408,Lorenzo Brown,PHI,23,26,2,24,8.6,2.5,3.3,30.2,1.2,10.0,0.5,69.2,0.3,0.8,1.1,1.6,0.6,0.5,0.1,0.7,7.4,0,0,0.1,2014,0,False,0.08,G,45.5,-6.9,2014
409,Meyers Leonard,POR,22,40,20,20,8.9,2.5,2.3,45.1,0.2,0.0,0.5,76.2,0.7,2.1,2.8,0.5,0.4,0.2,0.1,1.9,7.0,0,0,-2.2,2014,0,False,0.5,C,65.7,11.2,2014
410,Gigi Datome,DET,26,34,9,25,7.0,2.4,2.9,35.1,1.1,17.9,0.3,80.0,0.4,0.9,1.4,0.3,0.3,0.2,0.0,0.6,4.8,0,0,1.1,2014,0,False,0.26,F,63.6,8.7,2014
411,Ronnie Price,ORL,31,31,9,22,12.2,2.4,3.0,30.4,1.4,20.9,0.4,69.2,0.3,1.1,1.4,2.1,0.8,0.8,0.1,1.6,9.0,0,0,-0.7,2014,0,False,0.29,G,60.9,7.6,2014
412,Gal Mekel,DAL,26,31,18,13,9.4,2.4,2.8,34.9,0.6,25.0,0.4,66.7,0.2,0.7,0.9,2.0,1.0,0.1,0.0,1.0,5.9,0,0,0.0,2014,0,False,0.58,G,75.0,25.6,2014
413,Adonis Thomas,PHI,21,6,2,4,6.3,2.3,2.3,42.9,0.8,20.0,0.2,100.0,0.0,0.5,0.5,0.5,0.2,0.0,0.0,1.0,3.5,0,0,1.3,2014,0,False,0.33,G-F,50.0,-9.4,2014
414,Ryan Hollins,LAC,29,61,43,18,7.9,2.3,1.2,73.6,0.0,0.0,0.9,62.5,0.5,1.0,1.5,0.1,0.5,0.1,0.5,1.4,5.8,0,0,0.1,2014,0,False,0.7,C,38.8,-14.2,2014
415,Rudy Gobert,UTA,22,45,7,38,9.6,2.3,1.6,48.6,0.0,0.0,1.4,49.2,1.1,2.3,3.4,0.2,0.7,0.2,0.9,1.3,9.2,0,0,-0.6,2014,0,False,0.16,C,48.1,-6.1,2014
416,Donald Sloan,IND,26,48,31,17,8.2,2.3,2.4,37.6,0.9,23.8,0.4,60.0,0.1,0.8,0.9,1.0,0.5,0.2,0.0,0.4,5.2,0,0,-1.6,2014,0,False,0.65,G,61.8,10.7,2014
417,Dionte Christmas,PHX,27,31,15,16,6.4,2.3,2.0,35.5,1.0,29.0,0.8,75.0,0.4,0.8,1.2,0.3,0.2,0.1,0.1,0.6,4.4,0,0,-0.7,2014,0,False,0.48,G,59.1,5.0,2014
418,Robert Covington,HOU,23,7,4,3,4.8,2.3,2.0,42.9,1.6,36.4,0.0,0.0,0.3,0.4,0.7,0.0,0.1,0.3,0.0,0.4,3.9,0,0,2.4,2014,0,False,0.57,F,100.0,56.5,2014
419,Landry Fields,TOR,26,30,14,16,10.7,2.3,2.2,40.3,0.2,0.0,0.7,63.6,0.5,1.5,2.0,0.7,0.4,0.3,0.1,0.8,6.6,0,0,-1.2,2014,0,False,0.47,F,47.7,-9.0,2014
420,Peyton Siva,DET,23,24,9,15,9.3,2.3,2.4,31.6,1.0,28.0,0.6,73.3,0.1,0.5,0.6,1.4,0.8,0.4,0.0,1.1,5.6,0,0,-1.3,2014,0,False,0.38,G,53.3,4.2,2014
421,Victor Claver,POR,25,21,13,8,8.7,2.2,2.0,40.5,0.9,16.7,0.5,90.9,0.4,1.4,1.9,0.6,0.5,0.1,0.1,0.8,5.7,0,0,1.1,2014,0,False,0.62,F,47.2,-8.9,2014
422,Orlando Johnson,SAC,25,45,34,11,8.7,2.2,2.5,31.9,1.0,19.1,0.6,73.1,0.2,1.0,1.2,0.4,0.3,0.1,0.0,0.6,4.6,0,0,-0.5,2014,0,False,0.76,G,58.1,3.6,2014
423,Allen Crabbe,POR,22,15,12,3,6.7,2.2,2.2,36.4,0.9,42.9,0.3,75.0,0.1,0.5,0.6,0.4,0.2,0.1,0.1,0.7,3.9,0,0,0.1,2014,0,False,0.8,G,70.0,17.2,2014
424,Shannon Brown,NYK,28,29,19,10,8.7,2.2,2.3,36.4,0.1,0.0,0.7,71.4,0.2,0.7,1.0,0.3,0.6,0.4,0.0,0.8,4.5,0,0,-2.5,2014,0,False,0.66,G,55.6,0.5,2014
425,Chuck Hayes,TOR,31,61,33,28,12.4,2.2,2.1,43.1,0.0,0.0,0.4,80.0,1.1,2.3,3.4,0.6,0.5,0.6,0.2,1.6,8.9,1,0,1.0,2014,0,False,0.54,F,56.3,2.1,2014
426,Otto Porter Jr.,WAS,21,37,20,17,8.6,2.1,2.5,36.3,0.6,19.0,0.3,66.7,0.6,1.0,1.5,0.3,0.4,0.2,0.0,0.7,4.7,0,0,-0.2,2014,0,False,0.54,F,69.6,15.7,2014
427,Brandon Rush,UTA,28,38,13,25,11.0,2.1,2.4,33.3,1.2,34.0,0.1,60.0,0.1,1.0,1.2,0.6,0.5,0.1,0.2,0.8,5.0,0,0,-2.5,2014,0,False,0.34,G,69.2,16.8,2014
428,Alex Len,PHX,21,42,24,18,8.6,2.0,1.9,42.3,0.0,0.0,0.7,64.5,0.9,1.4,2.4,0.1,0.6,0.1,0.4,1.6,6.0,0,0,-1.3,2014,0,False,0.57,C,60.0,5.2,2014
429,Cole Aldrich,NYK,25,46,26,20,7.2,2.0,1.3,54.1,0.0,0.0,0.7,86.7,0.8,2.0,2.8,0.3,0.4,0.2,0.7,0.9,7.9,3,0,-0.3,2014,0,False,0.57,C,42.6,-11.1,2014
430,Jared Cunningham,SAC,23,13,5,8,6.2,2.0,1.6,28.6,0.5,14.3,1.2,81.3,0.1,0.4,0.5,0.6,0.2,0.2,0.0,1.2,4.0,0,0,-0.2,2014,0,False,0.38,G,60.0,6.8,2014
431,Keith Bogans,BOS,34,6,1,5,9.2,2.0,1.0,50.0,1.0,50.0,0.5,100.0,0.0,0.5,0.5,0.5,0.2,0.2,0.0,0.3,3.7,0,0,-1.0,2014,0,False,0.17,G-F,33.3,-23.0,2014
432,Lou Amundson,CHI,31,19,11,8,9.7,2.0,1.7,50.0,0.0,0.0,1.3,25.0,1.5,1.4,2.9,0.3,0.7,0.5,0.6,2.6,8.4,0,0,-1.6,2014,0,False,0.58,F,58.8,5.0,2014
433,Tony Mitchell,MIL,24,3,0,3,3.3,2.0,1.7,60.0,0.3,0.0,0.0,0.0,0.3,0.0,0.3,0.3,0.0,0.3,0.0,0.0,3.9,0,0,0.7,2014,0,False,0.0,F,69.2,17.7,2014
434,Tony Mitchell,MIL,24,3,0,3,3.3,2.0,1.7,60.0,0.3,0.0,0.0,0.0,0.3,0.0,0.3,0.3,0.0,0.3,0.0,0.0,3.9,0,0,0.7,2014,0,False,0.0,F,69.2,17.7,2014
435,Tony Mitchell,DET,22,21,6,15,3.8,1.0,0.6,41.7,0.0,100.0,0.9,57.9,0.7,0.5,1.2,0.1,0.2,0.3,0.1,0.4,3.8,0,0,0.4,2014,0,False,0.29,F,69.2,17.7,2014
436,Tony Mitchell,DET,22,21,6,15,3.8,1.0,0.6,41.7,0.0,100.0,0.9,57.9,0.7,0.5,1.2,0.1,0.2,0.3,0.1,0.4,3.8,0,0,0.4,2014,0,False,0.29,F,69.2,17.7,2014
437,Andre Roberson,OKC,22,40,30,10,10.0,1.9,1.7,48.5,0.3,15.4,0.3,70.0,0.9,1.5,2.4,0.4,0.5,0.5,0.3,1.9,7.0,0,0,0.7,2014,0,False,0.75,G-F,55.7,1.2,2014
438,Malcolm Thomas,UTA,25,8,2,6,7.8,1.9,2.0,43.8,0.5,25.0,0.3,0.0,0.6,2.0,2.6,0.3,1.1,0.0,0.4,0.6,5.4,0,0,0.6,2014,0,False,0.25,F,53.8,-1.7,2014
439,Jamaal Franklin,MEM,22,21,11,10,7.7,1.9,1.9,41.0,0.5,45.5,0.1,100.0,0.2,0.9,1.1,0.3,0.5,0.2,0.1,1.1,3.9,0,0,0.6,2014,0,False,0.52,G,54.2,-1.4,2014
440,Garrett Temple,WAS,28,75,40,35,8.5,1.8,1.9,36.2,0.4,20.7,0.6,69.8,0.3,0.6,0.9,1.0,0.6,0.5,0.1,1.0,5.6,0,0,-1.1,2014,0,False,0.53,G,50.0,-3.0,2014
441,Aaron Gray,SAC,29,37,12,25,9.6,1.8,1.6,44.3,0.0,0.0,0.5,55.0,1.1,1.9,3.0,0.6,0.8,0.3,0.2,1.7,6.9,0,0,-2.3,2014,0,False,0.32,C,64.1,9.8,2014
442,Ricky Ledo,DAL,21,11,5,6,3.0,1.7,1.5,35.3,0.7,37.5,0.4,100.0,0.0,0.2,0.2,0.2,0.2,0.1,0.0,0.2,2.3,0,0,0.8,2014,0,False,0.45,G,50.0,-2.0,2014
443,Sergey Karasev,CLE,20,22,7,15,7.1,1.7,1.6,34.3,0.9,21.1,0.5,90.0,0.0,0.7,0.7,0.3,0.5,0.1,0.0,1.0,3.0,0,0,-2.2,2014,0,False,0.32,G,52.9,-4.6,2014
444,Solomon Hill,IND,23,28,17,11,8.1,1.7,1.4,42.5,0.8,30.4,0.3,85.7,0.3,1.1,1.5,0.4,0.5,0.2,0.1,0.7,4.4,0,0,0.4,2014,0,False,0.61,F,66.7,13.4,2014
445,Hilton Armstrong,GSW,29,15,12,3,6.4,1.7,1.3,47.4,0.0,0.0,1.1,43.8,1.3,1.9,3.1,0.3,0.4,0.3,0.3,0.7,7.1,1,0,1.1,2014,0,False,0.8,F-C,50.0,-4.6,2014
446,Stephen Jackson,LAC,36,9,6,3,11.9,1.7,2.9,23.1,1.6,7.1,0.4,50.0,0.2,0.9,1.1,0.6,0.7,0.7,0.1,1.2,5.5,0,0,2.8,2014,0,False,0.67,G-F,30.0,-27.3,2014
447,Vander Blue,BOS,21,3,1,2,4.9,1.7,1.3,50.0,0.3,0.0,1.7,20.0,0.0,1.0,1.0,0.3,0.7,0.0,0.0,0.3,2.7,0,0,2.0,2014,0,False,0.33,G,100.0,43.4,2014
448,AJ Price,MIN,27,28,15,13,3.5,1.6,1.6,41.3,0.8,27.3,0.1,0.0,0.0,0.3,0.4,0.5,0.3,0.0,0.0,0.2,2.6,0,0,0.1,2014,0,False,0.54,G,57.1,5.5,2014
449,Chris Babb,BOS,24,14,3,11,9.5,1.6,2.1,26.7,1.9,22.2,0.0,0.0,0.3,0.9,1.2,0.2,0.2,0.4,0.0,0.9,4.4,0,0,-1.2,2014,0,False,0.21,G,53.3,-1.1,2014
450,Nazr Mohammed,CHI,36,80,47,33,7.0,1.6,1.6,42.9,0.0,0.0,0.4,53.3,0.8,1.4,2.2,0.3,0.5,0.2,0.4,1.0,5.7,0,0,-0.2,2014,0,False,0.59,C,46.8,-7.1,2014
451,Othyus Jeffers,MIN,28,6,2,4,7.8,1.5,1.0,50.0,0.3,0.0,0.7,75.0,0.2,1.3,1.5,0.2,0.2,0.0,0.0,0.5,3.4,0,0,4.8,2014,0,False,0.33,G-F,50.0,-2.1,2014
452,Seth Curry,CLE,23,2,1,1,6.5,1.5,1.5,33.3,0.5,100.0,0.0,0.0,0.0,0.5,0.5,0.0,0.0,1.0,0.0,0.0,5.1,0,0,0.5,2014,0,False,0.5,G,0.0,-53.9,2014
453,Shavlik Randolph,PHX,30,14,8,6,6.8,1.4,1.0,50.0,0.0,0.0,0.8,54.5,0.5,1.3,1.8,0.1,0.4,0.2,0.1,1.1,4.2,0,0,3.0,2014,0,False,0.57,F,40.0,-10.5,2014
454,Solomon Jones,ORL,29,11,2,9,7.7,1.3,1.5,35.3,0.0,0.0,0.4,50.0,0.7,0.7,1.5,0.2,0.2,0.2,0.2,1.1,4.2,0,0,-2.3,2014,0,False,0.18,F,53.8,-5.1,2014
455,Damion James,SAS,26,5,1,4,10.1,1.2,1.8,22.2,0.4,0.0,0.4,100.0,0.2,2.2,2.4,0.6,0.2,0.0,0.2,0.6,5.4,0,0,2.4,2014,0,False,0.2,F,75.0,20.4,2014
456,Lance Thomas,NOP,26,5,3,2,8.4,1.2,1.8,22.2,0.0,0.0,0.8,50.0,0.4,1.0,1.4,0.6,0.4,0.0,0.0,0.8,3.4,0,0,-0.6,2014,0,False,0.6,F,75.0,19.5,2014
457,Ryan Gomes,OKC,31,5,3,2,6.9,1.2,1.6,37.5,0.4,0.0,0.0,0.0,0.0,0.8,0.8,0.2,0.2,0.0,0.0,1.0,2.3,0,0,1.4,2014,0,False,0.6,F,100.0,47.3,2014
458,Hasheem Thabeet,OKC,27,23,18,5,8.4,1.2,1.0,56.5,0.0,0.0,0.2,20.0,0.4,1.3,1.7,0.0,0.6,0.2,0.4,2.0,4.4,0,0,-0.1,2014,0,False,0.78,C,52.9,-2.2,2014
459,Jason Collins,BKN,35,22,16,6,7.8,1.1,1.1,45.8,0.1,0.0,0.2,75.0,0.3,0.5,0.9,0.2,0.3,0.4,0.0,1.4,3.4,0,0,-1.4,2014,0,False,0.73,C,69.6,14.0,2014
460,Jamaal Tinsley,UTA,36,8,0,8,13.8,1.1,2.5,20.0,1.9,6.7,0.0,0.0,0.3,1.1,1.4,2.9,1.1,0.3,0.0,1.3,6.7,0,0,-5.9,2014,0,False,0.0,G,58.3,3.8,2014
461,Tornike Shengelia,CHI,22,26,14,12,6.0,1.1,1.1,46.4,0.2,0.0,0.3,37.5,0.2,0.5,0.6,0.5,0.5,0.1,0.0,0.7,2.7,0,0,-1.3,2014,0,False,0.54,F,50.0,-0.6,2014
462,Nemanja Nedovic,GSW,23,24,17,7,5.9,1.1,1.6,20.5,0.8,16.7,0.3,87.5,0.1,0.5,0.6,0.5,0.5,0.0,0.0,0.5,2.2,0,0,-2.9,2014,0,False,0.71,G,43.8,-3.2,2014
463,Mike James,CHI,39,11,3,8,7.0,1.0,1.9,23.8,0.5,20.0,0.2,0.0,0.0,0.6,0.6,1.5,0.5,0.2,0.0,1.0,4.2,0,0,-0.7,2014,0,False,0.27,G,50.0,-5.5,2014
464,Mike James,CHI,39,11,3,8,7.0,1.0,1.9,23.8,0.5,20.0,0.2,0.0,0.0,0.6,0.6,1.5,0.5,0.2,0.0,1.0,4.2,0,0,-0.7,2014,0,False,0.27,G,50.0,-5.5,2014
465,Shane Edwards,CLE,27,2,0,2,5.9,1.0,1.5,33.3,0.0,0.0,0.0,0.0,0.5,0.5,1.0,0.0,0.5,0.0,0.0,0.5,1.7,0,0,-4.0,2014,0,False,0.0,F,50.0,-10.5,2014
466,Viacheslav Kravtsov,PHX,26,20,13,7,3.0,1.0,0.8,53.3,0.0,0.0,0.4,50.0,0.5,0.4,0.9,0.1,0.3,0.0,0.1,0.4,1.9,0,0,-2.3,2014,0,False,0.65,C,60.0,5.3,2014
467,Bernard James,DAL,29,30,17,13,4.9,0.9,0.8,47.8,0.0,0.0,0.4,54.5,0.5,0.9,1.4,0.1,0.3,0.1,0.3,0.8,3.5,0,0,-0.1,2014,0,False,0.57,C,54.5,1.1,2014
468,Julyan Stone,TOR,25,21,9,12,5.7,0.9,0.8,41.2,0.4,25.0,0.1,66.7,0.1,0.9,1.0,0.6,0.2,0.1,0.0,0.6,3.0,0,0,-2.4,2014,0,False,0.43,G,57.9,4.5,2014
469,Joel Anthony,BOS,31,33,16,17,5.6,0.8,1.0,37.5,0.0,0.0,0.2,50.0,0.5,0.7,1.2,0.1,0.1,0.1,0.4,0.5,3.6,0,0,-1.0,2014,0,False,0.48,C,52.7,-2.5,2014
470,Ognjen Kuzmic,GSW,24,21,16,5,4.4,0.7,0.6,38.5,0.0,0.0,0.5,45.5,0.5,0.5,1.0,0.1,0.5,0.1,0.2,0.8,2.6,0,0,-2.9,2014,0,False,0.76,C,61.5,9.4,2014
471,Arinze Onuaku,CLE,26,5,2,3,6.0,0.6,1.0,20.0,0.0,0.0,0.4,50.0,0.4,1.2,1.6,0.6,0.2,0.0,0.0,0.6,3.2,0,0,-1.2,2014,0,False,0.4,F-C,66.7,12.0,2014
472,Andris Biedrins,UTA,28,6,0,6,7.4,0.5,0.2,100.0,0.0,0.0,1.0,16.7,0.3,2.5,2.8,0.0,0.3,0.0,0.0,1.0,3.6,0,0,0.3,2014,0,False,0.0,C,61.5,8.9,2014
473,Earl Watson,POR,35,24,17,7,6.7,0.5,0.5,27.3,0.3,28.6,0.2,100.0,0.2,0.4,0.6,1.2,0.7,0.2,0.0,1.4,3.0,0,0,-0.4,2014,0,False,0.71,G,47.1,-2.6,2014
474,Scotty Hopson,CLE,24,2,2,0,3.4,0.5,2.0,0.0,1.0,0.0,1.0,50.0,0.0,0.0,0.0,0.5,0.0,0.5,0.0,0.0,2.8,0,0,-3.0,2014,0,False,1.0,G,100.0,45.4,2014
475,Hamady Ndiaye,SAC,27,14,5,9,5.3,0.4,0.6,33.3,0.0,0.0,0.1,0.0,0.4,0.9,1.3,0.2,0.2,0.0,0.3,1.1,2.9,0,0,-1.9,2014,0,False,0.36,C,64.7,9.5,2014
476,Ronnie Brewer,CHI,29,24,17,7,6.7,0.3,0.6,20.0,0.3,12.5,0.1,0.0,0.1,0.5,0.6,0.4,0.1,0.3,0.0,0.2,2.4,0,0,-2.1,2014,0,False,0.71,F,60.0,1.9,2014
477,Erik Murphy,CHI,23,24,13,11,2.6,0.3,0.5,23.1,0.1,0.0,0.0,0.0,0.1,0.3,0.3,0.1,0.1,0.0,0.2,0.3,1.2,0,0,-2.1,2014,0,False,0.54,F,43.8,-8.8,2014
478,DJ White,CHA,27,2,2,0,5.1,0.0,0.5,0.0,0.0,0.0,0.0,0.0,0.0,1.0,1.0,0.0,0.0,0.5,0.0,0.5,2.7,0,0,-1.0,2014,0,False,1.0,F,100.0,52.5,2014
479,Darius Johnson-Odom,PHI,24,3,0,3,5.1,0.0,2.3,0.0,1.0,0.0,0.7,0.0,0.0,0.7,0.7,0.3,0.7,0.3,0.0,1.0,1.6,0,0,-1.0,2014,0,False,0.0,G,50.0,-4.5,2014
480,Elias Harris,LAL,24,2,1,1,5.7,0.0,0.5,0.0,0.0,0.0,0.0,0.0,0.5,0.0,0.5,0.5,0.0,0.5,0.0,0.0,2.9,0,0,-3.0,2014,0,False,0.5,F,66.7,16.8,2014
481,Josh Childress,NOP,31,4,2,2,6.0,0.0,0.0,0.0,0.0,0.0,0.0,0.0,0.0,0.8,0.8,0.5,0.3,0.3,0.0,0.3,2.2,0,0,2.8,2014,0,False,0.5,F-G,0.0,-56.9,2014
