Player,Team,AGE,GP,W,L,MIN,PTS,FGA,FG%,3PA,3P%,FTA,FT%,OREB,DREB,REB,AST,TOV,STL,BLK,PF,FP,DD2,TD3,+/-,Year,累積前三隊,當年有無入選,勝率
Russell Westbrook,OKC,26,67,40,27,34.4,28.1,22.0,42.6,4.3,29.9,9.8,83.5,1.9,5.4,7.3,8.6,4.4,2.1,0.2,2.7,52.3,31,11,3.7,2015,3,True,0.6
James Harden,HOU,25,81,56,25,36.8,27.4,18.1,44.0,6.9,37.5,10.2,86.8,0.9,4.7,5.7,7.0,4.0,1.9,0.7,2.6,48.6,21,4,4.1,2015,2,True,0.69
Kevin Durant,OKC,26,27,18,9,33.8,25.4,17.3,51.0,5.9,40.3,6.3,85.4,0.6,6.0,6.6,4.1,2.7,0.9,0.9,1.5,42.1,5,0,6.2,2015,5,False,0.67
LeBron James,CLE,30,69,50,19,36.1,25.3,18.5,48.8,4.9,35.4,7.7,71.0,0.7,5.3,6.0,7.4,3.9,1.6,0.7,2.0,46.5,22,2,7.8,2015,10,True,0.72
Anthony Davis,NOP,22,68,39,29,36.1,24.4,17.6,53.5,0.2,8.3,6.8,80.5,2.5,7.7,10.2,2.2,1.4,1.5,2.9,2.1,51.8,42,0,3.9,2015,0,True,0.57
Carmelo Anthony,NYK,31,40,10,30,35.7,24.2,20.2,44.4,4.5,34.1,5.9,79.7,1.8,4.8,6.6,3.1,2.2,1.0,0.4,2.2,38.7,5,0,-2.7,2015,6,False,0.25
DeMarcus Cousins,SAC,24,59,23,36,34.1,24.1,18.1,46.7,0.1,25.0,9.2,78.2,3.1,9.5,12.7,3.6,4.3,1.5,1.7,4.1,50.1,47,2,1.0,2015,0,True,0.39
Stephen Curry,GSW,27,80,67,13,32.7,23.8,16.8,48.7,8.1,44.3,4.2,91.4,0.7,3.6,4.3,7.7,3.1,2.0,0.2,2.0,44.1,23,0,11.5,2015,1,True,0.84
LaMarcus Aldridge,POR,29,71,48,23,35.4,23.4,19.9,46.6,1.5,35.2,5.1,84.5,2.5,7.7,10.2,1.7,1.7,0.7,1.0,1.8,41.5,39,0,4.8,2015,2,True,0.68
Kobe Bryant,LAL,36,35,10,25,34.5,22.3,20.4,37.3,5.3,29.3,6.9,81.3,0.7,4.9,5.7,5.6,3.7,1.3,0.2,1.9,38.6,4,2,-8.4,2015,15,False,0.29
Blake Griffin,LAC,26,67,47,20,35.2,21.9,17.1,50.2,0.4,40.0,6.4,72.8,1.9,5.7,7.6,5.3,2.3,0.9,0.5,2.9,41.1,18,0,8.7,2015,3,True,0.7
Kyrie Irving,CLE,23,75,52,23,36.4,21.7,16.5,46.8,5.0,41.5,4.9,86.3,0.7,2.4,3.2,5.2,2.5,1.5,0.3,1.9,36.2,6,0,5.6,2015,0,True,0.69
Klay Thompson,GSW,25,77,64,13,31.9,21.7,16.9,46.3,7.1,43.9,3.3,87.9,0.4,2.9,3.2,2.9,1.9,1.1,0.8,1.6,33.6,1,0,10.1,2015,0,True,0.83
Dwyane Wade,MIA,33,62,28,34,31.8,21.5,17.5,47.0,1.6,28.4,6.0,76.8,0.9,2.6,3.5,4.8,3.4,1.2,0.3,1.7,34.1,3,0,-0.9,2015,8,False,0.45
Chris Bosh,MIA,31,44,19,25,35.4,21.1,16.9,46.0,3.8,37.5,5.3,77.2,1.0,6.0,7.0,2.2,2.2,0.9,0.6,1.6,35.1,7,0,-2.3,2015,1,False,0.43
Rudy Gay,SAC,28,68,25,43,35.4,21.1,16.4,45.5,3.2,35.9,5.8,85.8,1.4,4.4,5.9,3.7,2.7,1.0,0.6,2.3,35.9,2,0,-1.6,2015,0,False,0.37
Damian Lillard,POR,24,82,51,31,35.7,21.0,16.6,43.4,7.0,34.3,4.9,86.4,0.6,4.0,4.6,6.2,2.7,1.2,0.3,2.0,37.4,6,0,3.7,2015,1,False,0.62
DeMar DeRozan,TOR,25,60,37,23,35.0,20.1,16.5,41.3,1.5,28.4,7.2,83.2,0.7,3.9,4.6,3.5,2.3,1.2,0.2,2.0,32.8,4,0,2.2,2015,0,False,0.62
Jimmy Butler,CHI,25,65,40,25,38.7,20.0,14.0,46.2,3.0,37.8,7.1,83.4,1.8,4.1,5.8,3.3,1.4,1.8,0.6,1.7,37.4,4,0,3.7,2015,0,False,0.62
Kevin Martin,MIN,32,39,11,28,33.4,20.0,16.0,42.7,4.9,39.3,4.9,88.1,0.5,3.2,3.6,2.3,1.9,0.8,0.0,1.9,28.4,0,0,-6.5,2015,0,False,0.28
Nikola Vucevic,ORL,24,74,21,53,34.2,19.3,16.3,52.3,0.1,33.3,2.9,75.2,3.2,7.7,10.9,2.0,2.0,0.7,0.7,3.0,37.8,45,0,-4.1,2015,0,False,0.28
Gordon Hayward,UTA,25,76,35,41,34.4,19.3,14.3,44.5,4.3,36.4,6.1,81.2,0.7,4.2,4.9,4.1,2.7,1.4,0.4,1.7,34.1,2,0,1.4,2015,0,False,0.46
Chris Paul,LAC,30,82,56,26,34.8,19.1,14.3,48.5,4.3,39.8,3.9,90.0,0.6,4.0,4.6,10.2,2.3,1.9,0.2,2.5,43.8,40,1,8.9,2015,6,True,0.68
Monta Ellis,DAL,29,80,50,30,33.7,18.9,16.9,44.5,3.6,28.5,3.8,75.2,0.4,2.0,2.4,4.1,2.5,1.9,0.3,2.5,31.9,3,0,2.7,2015,0,False,0.62
Pau Gasol,CHI,34,78,48,30,34.4,18.5,14.8,49.4,0.3,46.2,4.7,80.3,2.8,9.0,11.8,2.7,2.0,0.3,1.9,1.9,41.3,54,0,2.4,2015,3,True,0.62
Victor Oladipo,ORL,23,72,22,50,35.7,17.9,15.1,43.6,3.4,33.9,4.4,81.9,0.7,3.5,4.2,4.1,2.8,1.7,0.3,2.6,32.1,3,0,-4.2,2015,0,False,0.31
Kyle Lowry,TOR,29,70,43,27,34.5,17.8,14.9,41.2,5.6,33.8,4.5,80.8,0.8,3.9,4.7,6.8,2.5,1.6,0.2,3.0,36.3,13,2,2.9,2015,0,False,0.61
Derrick Rose,CHI,26,51,33,18,30.0,17.7,16.4,40.5,5.3,28.0,3.7,81.3,0.7,2.5,3.2,4.9,3.2,0.7,0.3,1.2,28.8,4,0,2.4,2015,1,False,0.65
John Wall,WAS,24,79,45,34,35.9,17.6,14.8,44.5,2.7,30.0,4.6,78.5,0.5,4.2,4.6,10.0,3.8,1.7,0.6,2.3,41.3,40,0,3.5,2015,0,False,0.57
Marc Gasol,MEM,30,81,55,26,33.2,17.4,13.2,49.4,0.2,17.6,5.4,79.5,1.4,6.4,7.8,3.8,2.2,0.9,1.6,2.6,37.7,20,0,2.8,2015,1,True,0.68
Kemba Walker,CHA,25,62,21,41,34.2,17.3,15.8,38.5,4.5,30.4,4.6,82.7,0.6,3.0,3.5,5.1,1.6,1.4,0.5,1.5,33.5,4,0,-3.0,2015,0,False,0.34
Dirk Nowitzki,DAL,37,77,47,30,29.6,17.3,13.8,45.9,3.6,38.0,3.8,88.2,0.6,5.4,5.9,1.9,1.1,0.5,0.4,2.1,29.0,6,0,3.1,2015,12,False,0.61
Brook Lopez,BKN,27,72,34,38,29.2,17.2,13.7,51.3,0.1,10.0,3.8,81.4,3.0,4.5,7.4,0.7,1.4,0.6,1.8,2.9,32.7,17,0,-1.4,2015,0,False,0.47
Tobias Harris,ORL,22,68,20,48,34.8,17.1,14.0,46.6,3.5,36.4,3.6,78.8,1.1,5.3,6.3,1.8,1.7,1.0,0.5,2.0,30.4,11,0,-4.3,2015,0,False,0.29
Eric Bledsoe,PHX,25,81,39,42,34.6,17.0,12.9,44.7,3.4,32.4,5.4,80.0,0.9,4.3,5.2,6.1,3.4,1.6,0.6,2.3,35.4,13,2,0.4,2015,0,False,0.48
Brandon Knight,PHX,23,63,33,30,32.3,17.0,14.1,42.2,5.1,38.9,3.5,87.4,0.4,3.4,3.9,5.2,3.0,1.4,0.2,1.8,31.3,2,0,-1.2,2015,0,False,0.52
Andrew Wiggins,MIN,20,82,16,66,36.2,16.9,13.9,43.7,1.5,31.0,5.7,76.0,1.6,2.9,4.6,2.1,2.2,1.0,0.6,2.3,28.3,2,0,-6.7,2015,0,False,0.2
Tony Wroten,PHI,22,30,4,26,29.8,16.9,14.5,40.3,4.7,26.1,6.0,66.7,0.7,2.1,2.9,5.2,3.8,1.6,0.3,2.4,30.0,2,0,-7.8,2015,0,False,0.13
Paul Millsap,ATL,30,73,55,18,32.7,16.7,12.7,47.6,3.0,35.6,4.6,75.7,1.9,5.9,7.8,3.1,2.3,1.8,0.9,2.8,36.5,15,0,5.6,2015,0,False,0.75
Al Jefferson,CHA,30,65,25,40,30.6,16.6,15.5,48.1,0.1,40.0,2.5,65.5,1.5,6.9,8.4,1.7,1.0,0.7,1.3,2.1,34.4,22,0,-1.8,2015,1,False,0.38
Tyreke Evans,NOP,25,79,43,36,34.0,16.6,14.7,44.7,2.9,30.4,3.7,69.4,1.0,4.2,5.3,6.6,3.1,1.3,0.5,2.5,34.9,18,1,2.1,2015,0,False,0.54
Kawhi Leonard,SAS,24,64,46,18,31.8,16.5,12.8,47.9,3.0,34.9,3.9,80.2,1.3,5.9,7.2,2.5,1.5,2.3,0.8,2.0,36.6,14,0,6.9,2015,0,False,0.72
Isaiah Thomas,BOS,26,67,40,27,25.8,16.4,11.9,42.1,5.2,37.3,5.2,86.8,0.5,1.8,2.3,4.2,2.1,0.9,0.1,2.2,26.2,0,0,2.6,2015,0,False,0.6
Kevin Love,CLE,26,75,50,25,33.8,16.4,12.7,43.4,5.2,36.7,4.3,80.4,1.9,7.9,9.7,2.2,1.6,0.7,0.5,1.9,33.4,38,0,5.3,2015,2,False,0.67
JJ Redick,LAC,31,78,55,23,30.9,16.4,12.0,47.7,5.9,43.7,2.6,90.1,0.3,1.9,2.1,1.8,1.2,0.5,0.1,1.7,22.2,0,0,8.0,2015,0,False,0.71
Goran Dragic,MIA,29,78,41,37,33.8,16.3,12.8,50.1,3.3,34.7,3.0,77.4,1.0,2.5,3.5,4.5,2.2,1.0,0.2,2.5,28.7,4,0,0.3,2015,1,False,0.53
Darren Collison,SAC,27,45,16,29,34.8,16.1,12.2,47.3,3.6,37.3,4.1,78.8,0.4,2.8,3.2,5.6,2.5,1.5,0.3,2.1,31.2,3,0,0.8,2015,0,False,0.36
Zach Randolph,MEM,33,71,51,20,32.4,16.1,13.1,48.7,0.3,35.0,4.2,76.5,3.2,7.4,10.5,2.2,2.2,1.0,0.2,2.5,33.3,38,0,4.9,2015,1,False,0.72
George Hill,IND,29,43,26,17,29.5,16.1,12.4,47.7,4.5,35.8,3.3,79.0,0.6,3.6,4.2,5.1,1.6,1.0,0.3,2.6,31.2,2,1,3.7,2015,0,False,0.6
Derrick Favors,UTA,23,74,33,41,30.8,16.0,12.4,52.5,0.1,16.7,4.5,66.9,2.6,5.6,8.2,1.5,1.6,0.8,1.7,2.8,33.9,23,0,0.8,2015,0,False,0.45
Wesley Matthews,POR,28,60,41,19,33.7,15.9,12.5,44.8,7.4,38.9,2.4,75.2,0.6,3.1,3.7,2.3,1.4,1.3,0.2,2.2,26.8,0,0,4.5,2015,0,False,0.68
Jeff Teague,ATL,27,73,53,20,30.5,15.9,12.2,46.0,2.8,34.3,4.4,86.2,0.4,2.1,2.5,7.0,2.8,1.7,0.4,1.9,33.1,10,0,5.3,2015,0,False,0.73
Greg Monroe,DET,25,69,25,44,31.0,15.9,12.4,49.6,0.0,0.0,4.9,75.0,3.3,6.9,10.2,2.1,2.2,1.1,0.5,2.1,34.0,35,0,-0.3,2015,0,False,0.36
Mike Conley,MEM,27,70,47,23,31.8,15.8,12.6,44.6,4.0,38.6,3.6,85.9,0.4,2.6,3.0,5.4,2.2,1.3,0.2,2.0,29.6,6,0,3.1,2015,0,False,0.67
Jamal Crawford,LAC,35,64,44,20,26.6,15.8,13.1,39.6,5.7,32.7,3.9,90.1,0.3,1.7,1.9,2.5,1.4,0.9,0.2,1.7,23.8,0,0,1.3,2015,0,False,0.69
Dwight Howard,HOU,29,41,29,12,29.8,15.8,10.3,59.3,0.0,50.0,6.6,52.8,2.7,7.8,10.5,1.2,2.8,0.7,1.3,3.3,33.3,23,0,5.3,2015,8,False,0.71
Chandler Parsons,DAL,26,66,41,25,33.1,15.7,12.6,46.2,5.3,38.0,2.9,72.0,1.0,3.9,4.9,2.4,1.5,1.0,0.3,2.1,27.8,3,0,3.1,2015,0,False,0.62
Lou Williams,TOR,28,80,48,32,25.2,15.5,11.6,40.4,5.6,34.0,4.9,86.1,0.3,1.6,1.9,2.1,1.3,1.1,0.1,1.3,23.3,0,0,3.7,2015,0,False,0.6
Enes Freedom,OKC,23,75,32,43,28.5,15.5,12.4,51.9,0.6,35.6,3.1,78.2,3.7,5.3,8.9,0.7,1.9,0.5,0.4,2.5,28.0,31,0,-0.5,2015,0,False,0.43
Brandon Jennings,DET,25,41,17,24,28.6,15.4,13.2,40.1,5.1,36.0,3.5,83.9,0.5,2.0,2.5,6.6,2.2,1.1,0.1,1.6,29.7,5,0,0.8,2015,0,False,0.41
Markieff Morris,PHX,25,82,39,43,31.5,15.3,13.4,46.5,2.2,31.8,2.8,76.3,1.3,4.8,6.2,2.3,2.1,1.2,0.5,3.0,29.3,12,0,1.3,2015,0,False,0.48
Bradley Beal,WAS,22,63,37,26,33.5,15.3,13.5,42.7,4.1,40.9,2.6,78.3,0.9,2.9,3.8,3.1,2.0,1.2,0.3,2.2,27.0,2,0,3.0,2015,0,False,0.59
Ty Lawson,DEN,27,75,29,46,35.5,15.2,12.3,43.6,2.7,34.1,4.8,73.0,0.6,2.6,3.1,9.6,2.5,1.2,0.1,1.7,35.0,28,0,-0.4,2015,0,False,0.39
Al Horford,ATL,29,76,56,20,30.5,15.2,12.7,53.8,0.5,30.6,1.9,75.9,1.7,5.4,7.2,3.2,1.3,0.9,1.3,1.6,33.9,14,1,3.8,2015,1,False,0.74
Jeff Green,MEM,28,78,41,37,31.5,15.0,12.4,43.0,3.7,33.2,3.7,83.3,0.8,3.4,4.2,1.7,1.4,0.7,0.4,1.9,24.6,1,0,-1.7,2015,0,False,0.53
Andrea Bargnani,NYK,29,29,5,24,27.1,14.8,12.4,45.4,1.4,36.6,3.7,81.3,1.1,3.3,4.4,1.6,1.4,0.1,0.9,1.8,24.0,2,0,-9.3,2015,0,False,0.17
Jrue Holiday,NOP,25,40,20,20,32.6,14.8,13.4,44.6,3.4,37.8,1.9,85.5,0.8,2.6,3.4,6.9,2.3,1.6,0.6,2.8,33.3,5,0,2.5,2015,0,False,0.5
Michael Carter-Williams,MIL,23,66,21,45,32.6,14.6,13.9,39.6,2.3,23.5,4.4,69.4,1.0,4.4,5.3,6.7,3.8,1.7,0.5,2.5,33.7,11,3,-2.5,2015,0,False,0.32
Reggie Jackson,DET,25,77,37,40,29.5,14.5,12.9,43.4,3.1,29.9,2.8,83.0,0.7,3.5,4.2,6.0,2.4,0.8,0.1,2.2,29.0,15,2,1.5,2015,0,False,0.48
Joe Johnson,BKN,34,80,38,42,34.9,14.4,12.8,43.5,4.2,35.9,2.2,80.1,0.7,4.1,4.8,3.7,1.7,0.7,0.2,1.5,26.7,3,0,-1.5,2015,1,False,0.48
Tony Parker,SAS,33,68,48,20,28.7,14.4,12.2,48.6,1.3,42.7,2.4,78.3,0.2,1.7,1.9,4.9,2.1,0.6,0.0,1.6,23.9,1,0,2.9,2015,4,False,0.71
Serge Ibaka,OKC,25,64,35,29,33.1,14.3,12.3,47.6,3.2,37.6,1.7,83.6,2.1,5.7,7.8,0.9,1.5,0.5,2.4,3.0,32.1,17,0,2.5,2015,0,False,0.55
Mo Williams,CHA,32,68,20,48,29.1,14.2,12.6,39.7,5.1,34.2,2.8,87.2,0.3,2.2,2.6,6.2,2.5,0.7,0.2,2.4,26.7,13,0,-1.5,2015,0,False,0.29
Thaddeus Young,BKN,27,76,25,51,32.0,14.1,12.7,46.6,1.5,33.0,2.6,65.5,1.7,3.7,5.4,2.3,1.5,1.6,0.3,2.3,28.3,3,0,-2.8,2015,0,False,0.33
Luol Deng,MIA,30,72,33,39,33.6,14.0,10.9,46.9,3.1,35.5,3.5,76.1,1.4,3.8,5.2,1.9,1.5,0.9,0.3,1.5,25.3,5,0,-0.1,2015,0,False,0.46
Wilson Chandler,DEN,28,78,28,50,31.7,13.9,12.5,42.9,5.2,34.2,1.8,77.5,1.2,4.9,6.1,1.7,1.4,0.7,0.4,3.0,25.7,8,0,-2.8,2015,0,False,0.36
Avery Bradley,BOS,24,77,37,40,31.5,13.9,13.2,42.8,4.6,35.2,1.3,79.0,0.6,2.5,3.1,1.8,1.4,1.1,0.2,2.3,22.7,1,0,-1.1,2015,0,False,0.48
Tim Duncan,SAS,39,77,53,24,28.9,13.9,10.6,51.2,0.1,28.6,4.0,74.0,2.2,6.9,9.1,3.0,1.7,0.8,2.0,2.1,36.0,33,1,4.0,2015,14,True,0.69
Alec Burks,UTA,23,27,9,18,33.3,13.9,11.1,40.3,2.5,38.2,4.8,82.2,0.7,3.5,4.2,3.0,1.9,0.6,0.2,2.4,24.0,2,0,-4.8,2015,0,False,0.33
Andre Drummond,DET,21,82,32,50,30.5,13.8,11.7,51.4,0.0,0.0,4.5,38.9,5.3,8.1,13.5,0.7,1.5,0.9,1.9,3.5,37.7,48,0,-0.7,2015,0,False,0.39
Ryan Anderson,NOP,27,61,33,28,27.5,13.7,12.0,39.9,5.9,34.0,2.5,85.4,1.8,3.1,4.8,0.9,1.0,0.5,0.3,1.9,22.4,3,0,-0.3,2015,0,False,0.54
Shabazz Muhammad,MIN,22,38,6,32,22.8,13.5,10.4,48.9,1.3,39.2,3.8,71.7,1.7,2.4,4.1,1.2,0.9,0.5,0.2,1.3,21.1,1,0,-4.2,2015,0,False,0.16
Robert Covington,PHI,24,70,18,52,27.9,13.5,10.8,39.6,6.4,37.4,3.1,82.0,0.9,3.6,4.5,1.5,1.8,1.4,0.4,2.7,24.8,1,0,-2.1,2015,0,False,0.26
CJ Miles,IND,28,70,31,39,26.3,13.5,11.8,39.8,6.4,34.5,2.3,80.7,0.3,2.8,3.1,1.1,1.0,0.9,0.4,1.9,21.4,1,0,2.3,2015,0,False,0.44
Eric Gordon,NOP,26,61,35,26,33.1,13.4,11.4,41.1,5.2,44.8,2.2,80.5,0.5,2.1,2.6,3.8,2.0,0.8,0.2,2.4,23.3,1,0,1.1,2015,0,False,0.57
Nick Young,LAL,30,42,12,30,23.8,13.4,11.3,36.6,5.4,36.9,3.5,89.2,0.4,1.9,2.3,1.0,1.0,0.5,0.3,2.0,19.0,0,0,-1.6,2015,0,False,0.29
Khris Middleton,MIL,23,79,40,39,30.1,13.4,11.0,46.7,3.4,40.7,2.0,85.9,0.6,3.8,4.4,2.3,1.4,1.5,0.1,2.3,25.7,1,0,4.1,2015,0,False,0.51
Jared Sullinger,BOS,23,58,26,32,27.0,13.3,12.2,43.9,3.2,28.3,2.2,74.4,2.5,5.1,7.6,2.3,1.3,0.8,0.7,2.6,29.0,12,0,-0.4,2015,0,False,0.45
Arron Afflalo,POR,29,78,35,43,32.1,13.3,11.3,42.4,4.3,35.4,2.5,84.3,0.3,2.8,3.2,1.7,1.5,0.5,0.1,2.1,19.9,0,0,-0.3,2015,0,False,0.45
Deron Williams,BKN,31,68,34,34,31.1,13.0,11.3,38.7,3.5,36.7,3.5,83.4,0.4,3.1,3.5,6.6,2.3,0.9,0.3,2.3,28.4,11,0,-0.2,2015,2,False,0.5
Trey Burke,UTA,22,76,35,41,30.1,12.8,13.2,36.8,5.1,31.8,1.9,75.2,0.4,2.3,2.7,4.3,1.6,0.9,0.2,1.6,24.0,3,0,-0.6,2015,0,False,0.46
Trevor Ariza,HOU,29,82,56,26,35.7,12.8,11.1,40.2,6.8,35.0,1.7,85.3,0.9,4.7,5.6,2.5,1.7,1.9,0.2,2.3,27.8,3,0,2.8,2015,0,False,0.68
Kentavious Caldwell-Pope,DET,22,82,32,50,31.5,12.7,11.9,40.1,5.4,34.5,1.9,69.6,0.6,2.5,3.1,1.3,1.1,1.1,0.2,2.0,21.4,0,0,0.9,2015,0,False,0.39
Giannis Antetokounmpo,MIL,20,81,41,40,31.4,12.7,9.6,49.1,0.5,15.9,4.3,74.1,1.2,5.5,6.7,2.6,2.1,0.9,1.0,3.1,28.3,10,0,0.1,2015,0,False,0.51
Rodney Stuckey,IND,29,71,34,37,26.4,12.6,10.6,44.0,2.0,39.0,3.0,81.9,0.5,3.0,3.5,3.1,1.7,0.8,0.1,1.8,22.6,2,0,-0.3,2015,0,False,0.48
DeMarre Carroll,ATL,28,70,53,17,31.3,12.6,9.3,48.7,4.3,39.5,2.6,70.2,1.4,3.9,5.3,1.7,1.1,1.3,0.2,2.2,25.2,3,0,3.0,2015,0,False,0.76
Kenneth Faried,DEN,25,75,30,45,27.8,12.6,9.8,50.7,0.1,12.5,3.8,69.1,3.2,5.7,8.9,1.2,1.6,0.8,0.8,2.8,28.3,26,0,-0.5,2015,0,False,0.4
Nikola Pekovic,MIN,29,31,9,22,26.3,12.5,10.6,42.4,0.0,0.0,4.2,83.7,2.9,4.7,7.5,0.9,1.4,0.6,0.4,1.9,24.5,11,0,-1.8,2015,0,False,0.29
Danilo Gallinari,DEN,26,59,23,36,24.2,12.4,9.6,40.1,5.1,35.5,3.2,89.5,0.5,3.2,3.7,1.4,1.0,0.8,0.3,1.6,21.4,0,0,0.3,2015,0,False,0.39
Josh Smith,HOU,29,83,41,42,27.7,12.4,11.9,41.9,2.7,31.6,3.1,49.8,1.8,4.6,6.4,3.3,2.5,1.0,1.4,2.7,29.9,15,0,0.2,2015,0,False,0.49
Jabari Parker,MIL,20,25,13,12,29.5,12.3,10.5,49.0,0.6,25.0,2.6,69.7,2.0,3.5,5.5,1.7,1.9,1.2,0.2,1.7,23.9,2,0,-4.6,2015,0,False,0.52
Marcin Gortat,WAS,31,82,46,36,29.9,12.2,9.5,56.6,0.0,0.0,2.1,70.3,2.2,6.5,8.7,1.2,1.2,0.6,1.3,2.3,29.1,22,0,3.1,2015,0,False,0.56
Kyle Korver,ATL,34,75,58,17,32.2,12.1,8.0,48.7,6.0,49.2,1.6,89.8,0.2,3.9,4.1,2.6,1.4,0.7,0.6,1.9,23.3,1,0,8.3,2015,0,False,0.77
Ben McLemore,SAC,22,82,29,53,32.6,12.1,10.1,43.7,4.8,35.8,2.0,81.3,0.4,2.6,2.9,1.7,1.7,0.9,0.2,2.7,20.1,0,0,-0.4,2015,0,False,0.35
Gerald Henderson,CHA,27,80,32,48,28.9,12.1,10.6,43.7,1.7,33.1,2.7,84.8,0.5,3.0,3.4,2.6,1.4,0.6,0.3,1.7,21.4,2,0,-0.4,2015,0,False,0.4
JR Smith,CLE,29,70,38,32,29.7,12.1,10.8,41.7,6.1,38.3,1.0,75.0,0.4,2.7,3.1,2.8,1.4,1.2,0.3,2.3,23.1,0,0,2.3,2015,0,False,0.54
Donatas Motiejunas,HOU,24,71,48,23,28.7,12.0,9.9,50.4,1.9,36.8,2.3,60.2,1.9,4.0,5.9,1.8,1.7,0.8,0.5,2.9,24.0,7,0,1.4,2015,0,False,0.68
Jonas Valanciunas,TOR,23,80,47,33,26.2,12.0,8.2,57.2,0.0,0.0,3.5,78.6,2.7,6.0,8.7,0.5,1.4,0.4,1.2,2.8,26.6,22,0,-0.3,2015,0,False,0.59
Evan Fournier,ORL,22,58,19,39,28.6,12.0,9.9,44.0,3.9,37.8,2.5,72.8,0.5,2.2,2.6,2.1,1.4,0.7,0.0,2.0,19.1,0,0,-2.5,2015,0,False,0.33
Jordan Hill,LAL,27,70,19,51,26.8,12.0,11.1,45.9,0.2,27.3,2.4,73.8,2.5,5.5,7.9,1.5,1.5,0.5,0.7,2.3,25.9,22,0,-5.7,2015,0,False,0.27
Jarrett Jack,BKN,31,80,36,44,28.0,12.0,10.2,43.9,1.8,26.7,2.8,88.1,0.2,2.8,3.1,4.7,2.4,0.9,0.2,1.8,23.5,5,0,-3.9,2015,0,False,0.45
Jabari Brown,LAL,22,19,4,15,29.9,11.9,8.9,41.2,3.3,37.1,4.5,75.3,0.2,1.7,1.9,2.1,1.7,0.6,0.1,1.7,17.9,0,0,-6.7,2015,0,False,0.21
Gerald Green,PHX,29,74,34,40,19.5,11.9,10.5,41.6,5.2,35.4,1.6,82.5,0.4,2.1,2.5,1.2,1.4,0.6,0.2,2.0,17.6,0,0,0.0,2015,0,False,0.46
Jordan Clarkson,LAL,23,59,11,48,25.0,11.9,10.1,44.8,2.1,31.4,2.7,82.9,0.9,2.3,3.2,3.5,1.6,0.9,0.2,1.8,22.6,2,0,-4.1,2015,0,False,0.19
Paul Pierce,WAS,37,73,40,33,26.2,11.9,9.0,44.7,4.2,38.9,2.9,78.1,0.6,3.4,4.0,2.0,1.3,0.6,0.3,2.2,21.3,2,0,2.2,2015,4,False,0.55
Langston Galloway,NYK,23,45,12,33,32.4,11.8,11.4,39.9,3.9,35.2,1.7,80.8,0.8,3.4,4.2,3.3,1.4,1.2,0.3,2.9,24.8,0,0,-6.0,2015,0,False,0.27
Carlos Boozer,LAL,33,71,18,53,23.8,11.8,10.5,49.9,0.0,0.0,2.1,62.7,1.6,5.2,6.8,1.3,1.3,0.6,0.2,2.6,22.9,10,0,-4.5,2015,1,False,0.25
Dion Waiters,OKC,23,80,46,34,27.6,11.8,11.8,39.6,3.1,29.7,2.2,68.0,0.5,1.9,2.4,2.0,1.4,1.1,0.3,1.9,20.4,1,0,0.7,2015,0,False,0.57
Hassan Whiteside,MIA,26,48,18,30,23.8,11.8,8.1,62.8,0.0,0.0,3.3,50.0,3.0,7.0,10.0,0.1,1.2,0.6,2.6,2.7,32.2,22,1,-1.2,2015,0,False,0.38
Terrence Jones,HOU,23,33,24,9,27.0,11.7,9.1,52.8,1.1,35.1,2.8,60.6,2.4,4.3,6.7,1.1,1.1,0.5,1.8,2.4,27.2,8,0,2.4,2015,0,False,0.73
Danny Green,SAS,28,81,55,26,28.5,11.7,9.1,43.6,5.6,41.8,1.6,87.4,0.7,3.6,4.2,2.0,1.1,1.2,1.1,2.0,25.5,2,0,5.3,2015,0,False,0.68
Draymond Green,GSW,25,79,64,15,31.5,11.7,9.7,44.3,4.2,33.7,2.5,66.0,1.4,6.7,8.2,3.7,1.7,1.6,1.3,3.2,33.8,18,1,10.6,2015,0,False,0.81
David West,IND,34,66,32,34,28.7,11.7,10.4,47.1,0.3,20.0,2.4,73.9,1.6,5.2,6.8,3.4,1.8,0.7,0.7,2.4,27.4,7,0,-0.3,2015,0,False,0.48
Aaron Brooks,CHI,30,82,50,32,23.0,11.6,10.0,42.1,3.8,38.7,2.1,83.3,0.4,1.6,2.0,3.2,1.9,0.7,0.2,2.3,19.4,1,0,2.5,2015,0,False,0.61
DeAndre Jordan,LAC,26,82,56,26,34.4,11.5,6.5,71.0,0.0,25.0,5.7,39.7,4.8,10.1,15.0,0.7,1.3,1.0,2.2,3.0,38.9,47,0,7.6,2015,0,True,0.68
Ersan Ilyasova,MIL,28,58,26,32,22.7,11.5,9.6,47.2,3.3,38.9,1.8,64.5,1.4,3.4,4.8,1.0,0.8,0.6,0.3,2.6,20.8,6,0,0.4,2015,0,False,0.45
Amar'e Stoudemire,DAL,32,59,19,40,21.1,11.5,8.3,55.7,0.1,0.0,3.2,72.0,1.9,3.7,5.6,0.8,1.3,0.5,0.6,2.7,21.4,4,0,-0.9,2015,5,False,0.32
Tim Hardaway Jr.,NYK,23,70,16,54,24.0,11.5,10.2,38.9,5.1,34.2,2.2,80.1,0.2,2.1,2.2,1.8,1.2,0.3,0.2,1.7,17.2,0,0,-5.0,2015,0,False,0.23
Corey Brewer,HOU,29,80,42,38,26.1,11.5,10.1,42.6,2.9,26.8,2.8,74.3,1.0,2.7,3.7,2.2,1.6,1.4,0.2,2.2,22.5,3,0,-0.4,2015,0,False,0.52
O.J. Mayo,MIL,27,71,39,32,23.9,11.4,9.9,42.2,3.9,35.7,2.0,82.7,0.4,2.2,2.6,2.8,1.8,0.8,0.3,2.3,20.0,0,0,-0.9,2015,0,False,0.55
Jeremy Lin,LAL,26,74,19,55,25.8,11.2,8.8,42.4,2.4,36.9,3.6,79.5,0.4,2.3,2.6,4.6,2.2,1.1,0.4,2.6,23.7,3,0,-3.4,2015,0,False,0.26
Jodie Meeks,DET,27,60,29,31,24.4,11.1,8.9,41.6,3.5,34.9,2.7,90.6,0.2,1.5,1.7,1.3,1.0,1.0,0.1,1.3,17.4,0,0,-1.6,2015,0,False,0.48
Nene,WAS,32,67,37,30,25.3,11.0,9.0,51.1,0.1,20.0,3.0,60.4,1.3,3.9,5.1,1.8,1.9,1.0,0.3,2.7,22.0,2,0,2.5,2015,0,False,0.55
Vander Blue,LAL,22,2,0,2,36.9,11.0,15.0,30.0,5.0,20.0,2.5,40.0,1.0,3.5,4.5,4.0,3.0,1.5,0.0,2.0,23.9,0,0,-19.0,2015,0,False,0.0
Michael Kidd-Gilchrist,CHA,21,55,27,28,28.9,10.9,8.8,46.5,0.0,0.0,3.9,70.1,2.0,5.6,7.6,1.4,1.1,0.5,0.7,2.1,24.6,12,0,1.3,2015,0,False,0.49
Anthony Morrow,OKC,29,74,42,32,24.4,10.7,8.3,46.3,4.4,43.4,1.2,88.8,0.5,2.1,2.6,0.8,0.5,0.7,0.1,1.8,17.2,2,0,3.0,2015,0,False,0.57
Brandon Bass,BOS,30,82,40,42,23.5,10.6,8.3,50.4,0.4,28.1,2.6,79.0,1.7,3.2,4.9,1.3,1.0,0.5,0.4,1.7,19.9,5,0,-2.2,2015,0,False,0.49
Roy Hibbert,IND,28,76,34,42,25.3,10.6,9.3,44.6,0.0,0.0,2.7,82.4,2.1,5.1,7.1,1.1,1.4,0.2,1.6,2.8,25.0,18,0,-0.8,2015,0,False,0.45
Manu Ginobili,SAS,37,70,47,23,22.7,10.5,8.4,42.6,3.7,34.5,2.9,72.1,0.4,2.6,3.0,4.2,2.2,1.0,0.3,2.0,22.0,3,0,4.5,2015,2,False,0.67
Marcus Morris Sr.,PHX,25,81,39,42,25.2,10.4,9.4,43.4,3.9,35.8,1.4,62.8,0.9,3.9,4.8,1.6,0.9,0.8,0.2,2.3,20.6,5,0,-0.8,2015,0,False,0.48
Marreese Speights,GSW,27,76,62,14,15.9,10.4,8.5,49.2,0.2,27.8,2.3,84.3,1.4,2.8,4.3,0.9,1.1,0.3,0.4,2.5,18.0,1,0,2.4,2015,0,False,0.82
Alexey Shved,NYK,26,42,10,32,18.3,10.3,8.0,39.7,3.3,33.8,3.6,80.7,0.5,1.8,2.4,2.5,1.1,0.7,0.1,1.1,18.4,2,0,-3.1,2015,0,False,0.24
Taj Gibson,CHI,30,62,38,24,27.3,10.3,8.2,50.2,0.0,0.0,3.0,71.7,2.6,3.8,6.4,1.1,1.2,0.6,1.2,2.6,23.8,8,0,0.6,2015,0,False,0.61
Tyson Chandler,DAL,32,75,47,28,30.5,10.3,5.9,66.6,0.0,0.0,3.4,72.0,3.9,7.6,11.5,1.1,1.4,0.6,1.2,2.3,29.7,31,0,3.1,2015,1,False,0.63
Ricky Rubio,MIN,24,22,7,15,31.5,10.3,10.0,35.6,2.3,25.5,3.2,80.3,0.9,4.8,5.7,8.8,2.9,1.7,0.0,2.7,32.7,7,1,-0.5,2015,0,False,0.32
Kelly Olynyk,BOS,24,64,31,33,22.2,10.3,8.3,47.5,2.7,34.9,2.1,68.4,1.4,3.3,4.7,1.7,1.5,1.0,0.6,3.3,21.8,3,0,3.6,2015,0,False,0.48
Mario Chalmers,MIA,29,80,36,44,29.6,10.2,8.3,40.3,3.1,29.4,3.3,77.4,0.3,2.3,2.6,3.8,2.2,1.5,0.1,3.1,21.8,4,0,-1.8,2015,0,False,0.45
Nikola Mirotic,CHI,24,82,50,32,20.2,10.2,7.6,40.5,3.8,31.6,3.5,80.3,0.8,4.2,4.9,1.2,1.1,0.7,0.7,2.1,20.7,8,0,2.1,2015,0,False,0.61
Tyler Zeller,BOS,25,82,40,42,21.1,10.2,7.5,54.9,0.0,0.0,2.3,82.3,1.8,3.9,5.7,1.4,0.9,0.2,0.6,2.5,20.7,3,0,-1.5,2015,0,False,0.49
Patrick Beverley,HOU,26,56,35,21,30.8,10.1,9.5,38.3,5.8,35.6,1.1,75.0,1.2,3.0,4.2,3.4,1.5,1.1,0.4,3.3,23.3,2,0,1.3,2015,0,False,0.62
Zach LaVine,MIN,20,77,15,62,24.7,10.1,8.8,42.2,2.2,34.1,2.3,84.2,0.4,2.4,2.8,3.6,2.5,0.7,0.1,2.1,18.8,4,0,-7.0,2015,0,False,0.19
Courtney Lee,MEM,29,77,51,26,30.6,10.1,8.4,44.8,2.9,40.2,1.7,86.0,0.3,2.0,2.3,2.0,1.0,1.0,0.2,1.7,18.2,0,0,1.6,2015,0,False,0.66
Harrison Barnes,GSW,23,82,67,15,28.3,10.1,8.0,48.2,2.6,40.5,1.8,72.0,1.4,4.1,5.5,1.4,0.9,0.7,0.2,1.8,20.9,6,0,6.5,2015,0,False,0.82
Gary Neal,MIN,30,54,24,30,22.1,10.1,9.3,37.4,3.0,30.5,2.5,86.7,0.3,2.1,2.4,1.9,1.2,0.4,0.0,1.6,15.8,0,0,-1.9,2015,0,False,0.44
Matt Barnes,LAC,35,76,51,25,29.9,10.1,8.2,44.4,4.9,36.2,1.3,77.9,0.7,3.3,4.0,1.5,1.1,0.9,0.7,3.2,20.5,1,0,6.9,2015,0,False,0.67
C.J. Watson,IND,31,57,25,32,24.9,10.0,7.3,43.4,3.1,40.0,2.9,82.6,0.3,2.5,2.9,3.6,1.8,1.0,0.2,1.9,20.6,0,0,0.1,2015,0,False,0.44
Wayne Ellington,LAL,27,65,18,47,25.8,10.0,9.5,41.2,3.7,37.0,1.0,81.3,0.5,2.8,3.2,1.6,0.8,0.5,0.0,1.2,17.1,1,0,-1.9,2015,0,False,0.28
Dennis Schroder,ATL,21,77,57,20,19.7,10.0,8.6,42.7,1.9,35.1,2.3,82.7,0.4,1.8,2.1,4.1,1.9,0.6,0.1,1.6,18.8,5,0,0.1,2015,0,False,0.74
Nerlens Noel,PHI,21,75,18,57,30.8,9.9,8.7,46.2,0.0,0.0,3.1,60.9,2.5,5.7,8.1,1.7,1.9,1.8,1.9,2.8,31.3,18,0,-5.8,2015,0,False,0.24
Wesley Johnson,LAL,27,76,20,56,29.5,9.9,9.1,41.4,3.4,35.1,1.5,80.4,0.9,3.3,4.2,1.6,1.1,0.8,0.6,2.1,20.4,3,0,-4.1,2015,0,False,0.26
Luc Mbah a Moute,PHI,28,67,16,51,28.6,9.9,9.5,39.5,3.0,30.7,2.4,58.9,1.2,3.7,4.9,1.6,1.5,1.2,0.3,1.6,21.2,4,0,-5.4,2015,0,False,0.24
Terrence Ross,TOR,24,82,49,33,25.5,9.8,9.2,41.0,4.8,37.2,0.7,78.6,0.4,2.4,2.8,1.0,0.8,0.6,0.3,1.7,16.7,0,0,0.5,2015,0,False,0.6
Anderson Varejao,CLE,32,26,16,10,24.4,9.8,7.7,55.5,0.1,0.0,1.7,73.3,2.2,4.3,6.5,1.3,1.3,0.7,0.6,2.2,22.4,2,0,0.2,2015,0,False,0.62
Gorgui Dieng,MIN,25,73,16,57,30.0,9.7,7.0,50.6,0.1,16.7,3.3,78.3,3.1,5.3,8.3,2.0,1.7,1.0,1.7,2.6,29.1,18,0,-5.2,2015,0,False,0.22
Timofey Mozgov,CLE,28,81,49,32,25.3,9.7,7.0,55.5,0.1,33.3,2.7,71.8,2.5,4.8,7.3,0.7,1.4,0.4,1.2,2.8,22.8,18,0,3.2,2015,0,False,0.6
Robin Lopez,POR,27,59,38,21,27.8,9.6,7.4,53.5,0.0,0.0,2.2,77.2,3.2,3.5,6.7,0.9,1.2,0.3,1.4,2.1,22.9,6,0,2.5,2015,0,False,0.64
Evan Turner,BOS,26,82,40,42,27.6,9.5,9.1,42.9,1.5,27.7,1.7,75.2,0.5,4.6,5.1,5.5,2.4,1.0,0.2,2.2,25.1,7,3,-1.2,2015,0,False,0.49
D.J. Augustin,OKC,27,82,37,45,23.9,9.5,7.9,39.9,3.0,33.7,2.5,86.8,0.2,1.7,2.0,4.3,1.8,0.6,0.0,1.1,18.4,4,0,-0.9,2015,0,False,0.45
Greivis Vasquez,TOR,28,82,49,33,24.3,9.5,8.8,40.8,4.3,37.9,0.8,75.8,0.3,2.4,2.6,3.7,1.5,0.6,0.1,2.2,18.7,0,0,0.9,2015,0,False,0.6
Mike Dunleavy,CHI,34,63,41,22,29.2,9.4,7.6,43.5,4.2,40.7,1.4,80.5,0.4,3.5,3.9,1.8,1.0,0.6,0.3,2.0,18.8,0,0,3.3,2015,0,False,0.65
Luis Scola,IND,35,81,37,44,20.5,9.4,7.9,46.7,0.2,25.0,2.8,69.9,1.7,4.8,6.5,1.3,1.2,0.6,0.2,2.4,20.4,9,0,0.4,2015,0,False,0.46
Nicolas Batum,POR,26,71,43,28,33.5,9.4,8.5,40.0,4.4,32.4,1.4,85.7,0.9,5.0,5.9,4.8,1.9,1.1,0.6,1.5,26.7,5,0,3.0,2015,0,False,0.61
Amir Johnson,TOR,28,75,44,31,26.4,9.3,6.9,57.4,0.6,41.3,1.7,61.2,2.1,4.0,6.1,1.6,1.5,0.6,0.8,3.0,21.5,6,0,0.8,2015,0,False,0.59
Isaiah Canaan,PHI,24,47,24,23,20.0,9.2,8.0,38.6,5.2,37.0,1.3,81.7,0.4,1.5,1.9,2.1,1.3,0.6,0.1,1.8,15.3,0,0,-1.3,2015,0,False,0.51
Marco Belinelli,SAS,29,62,41,21,22.4,9.2,7.6,42.3,3.7,37.4,1.6,84.8,0.4,2.1,2.5,1.5,1.0,0.5,0.0,1.4,15.1,0,0,0.0,2015,0,False,0.66
P.J. Tucker,PHX,30,78,36,42,30.6,9.1,7.6,43.8,3.2,34.5,1.8,72.7,1.5,5.0,6.4,1.6,1.2,1.4,0.3,2.3,23.0,4,0,-0.6,2015,0,False,0.46
Jose Calderon,NYK,33,42,7,35,30.2,9.1,8.4,41.5,3.4,41.5,0.8,90.6,0.5,2.5,3.0,4.7,1.8,0.7,0.0,1.8,20.1,2,0,-8.1,2015,0,False,0.17
Jason Richardson,PHI,34,19,4,15,21.9,9.1,9.4,34.8,5.1,32.3,1.2,77.3,0.7,2.8,3.5,2.0,0.8,0.7,0.2,1.5,17.9,0,0,-3.7,2015,0,False,0.21
Bojan Bogdanovic,BKN,26,78,36,42,23.8,9.0,7.4,45.3,3.3,35.5,1.4,82.1,0.6,2.1,2.7,0.9,1.0,0.4,0.1,1.3,14.2,0,0,-2.3,2015,0,False,0.46
Rajon Rondo,DAL,29,68,34,34,29.7,8.9,9.5,42.6,1.3,31.4,1.1,39.7,1.1,4.4,5.5,7.9,3.1,1.3,0.1,2.3,28.6,15,3,-0.9,2015,1,False,0.5
Elfrid Payton,ORL,21,82,25,57,30.3,8.9,8.6,42.5,0.5,26.2,2.6,55.1,1.3,3.0,4.3,6.5,2.5,1.7,0.2,2.4,27.2,12,2,-2.5,2015,0,False,0.3
Solomon Hill,IND,24,82,38,44,29.0,8.9,7.7,39.6,2.5,32.7,2.4,82.4,0.9,3.0,3.8,2.2,1.4,0.8,0.2,2.2,18.5,1,0,-2.2,2015,0,False,0.46
Omri Casspi,SAC,27,67,23,44,21.1,8.9,6.4,48.9,1.3,40.2,2.9,73.3,0.8,3.1,3.9,1.5,1.3,0.5,0.1,1.6,16.3,1,0,-2.7,2015,0,False,0.34
Michael Beasley,MIA,26,24,11,13,21.0,8.8,8.8,43.4,1.4,23.5,1.1,76.9,0.5,3.2,3.7,1.3,1.5,0.6,0.5,2.8,17.2,1,0,0.1,2015,0,False,0.46
Paul George,IND,25,6,5,1,15.2,8.8,8.2,36.7,3.7,40.9,1.8,72.7,0.7,3.0,3.7,1.0,2.0,0.8,0.2,1.8,15.7,0,0,2.5,2015,2,False,0.83
Hollis Thompson,PHI,24,71,13,58,25.0,8.8,7.6,41.3,4.0,40.1,1.3,70.8,0.7,2.0,2.8,1.2,0.9,0.8,0.4,2.0,16.5,0,0,-4.8,2015,0,False,0.18
Devin Harris,DAL,32,76,45,31,22.2,8.8,6.9,41.8,3.5,35.7,2.1,81.5,0.2,1.6,1.8,3.1,1.1,1.0,0.2,1.9,18.1,0,0,1.3,2015,0,False,0.59
Mason Plumlee,BKN,25,82,38,44,21.3,8.7,6.0,57.3,0.0,0.0,3.9,49.5,2.1,4.1,6.2,0.9,1.3,0.8,0.8,2.5,21.0,12,0,-2.2,2015,0,False,0.46
Boris Diaw,SAS,33,81,55,26,24.5,8.7,7.8,46.0,2.1,32.0,1.1,77.4,1.0,3.3,4.3,2.9,1.6,0.4,0.3,1.8,18.8,1,0,3.6,2015,0,False,0.68
Randy Foye,DEN,31,50,15,35,21.7,8.7,8.0,36.8,5.3,35.7,1.1,81.8,0.2,1.5,1.7,2.4,1.2,0.7,0.2,1.9,15.8,0,0,-2.1,2015,0,False,0.3
Dwight Buycks,LAL,26,6,1,5,20.5,8.7,6.7,45.0,1.8,63.6,1.7,90.0,0.3,1.7,2.0,2.3,2.0,0.5,0.0,0.5,14.1,0,0,-4.0,2015,0,False,0.17
Rodney Hood,UTA,22,50,27,23,21.3,8.7,7.5,41.4,3.4,36.5,1.6,76.3,0.2,2.2,2.3,1.7,0.9,0.6,0.2,2.4,15.6,0,0,1.2,2015,0,False,0.54
Chris Kaman,POR,33,74,47,27,18.9,8.6,7.4,51.5,0.0,0.0,1.4,70.6,2.0,4.5,6.5,0.9,1.5,0.2,0.7,1.9,19.2,4,0,-0.1,2015,0,False,0.64
Tony Allen,MEM,33,63,46,17,26.2,8.6,7.2,49.5,0.5,34.5,2.0,62.7,1.6,2.8,4.4,1.4,1.4,2.0,0.5,2.6,22.1,2,0,3.9,2015,0,False,0.73
Mirza Teletovic,BKN,29,40,16,24,22.3,8.5,8.0,38.2,4.8,32.1,1.2,71.7,0.7,4.2,4.9,1.2,1.3,0.4,0.4,1.9,16.9,1,0,-0.3,2015,0,False,0.4
Tristan Thompson,CLE,24,82,53,29,26.8,8.5,6.0,54.7,0.0,0.0,3.0,64.1,3.3,4.7,8.0,0.5,1.0,0.4,0.7,2.3,21.2,14,0,2.7,2015,0,False,0.65
Sebastian Telfair,OKC,30,16,4,12,20.4,8.4,7.8,36.8,3.8,30.0,2.1,70.6,0.1,1.8,1.9,2.8,1.1,0.6,0.0,1.8,15.6,0,0,-4.0,2015,0,False,0.25
Rudy Gobert,UTA,23,82,38,44,26.3,8.4,5.2,60.4,0.0,0.0,3.3,62.3,3.2,6.2,9.5,1.3,1.4,0.8,2.3,2.1,29.6,25,0,0.1,2015,0,False,0.46
Derrick Williams,SAC,24,74,27,47,19.8,8.3,6.6,44.7,2.1,31.4,2.6,68.4,0.6,2.2,2.7,0.7,0.8,0.5,0.1,0.9,13.4,1,0,-3.5,2015,0,False,0.36
Ed Davis,LAL,26,79,20,59,23.3,8.3,5.9,60.1,0.0,0.0,2.4,48.7,2.9,4.7,7.6,1.2,0.7,0.6,1.2,2.6,24.1,6,0,-3.4,2015,0,False,0.25
Jameer Nelson,DEN,33,63,25,38,22.3,8.3,8.0,40.7,4.1,34.5,0.6,66.7,0.5,1.8,2.3,4.0,1.7,0.7,0.1,2.2,17.9,0,0,-0.2,2015,0,False,0.4
Zaza Pachulia,MIL,31,73,34,39,23.7,8.3,7.2,45.4,0.0,0.0,2.2,78.8,2.7,4.2,6.8,2.4,1.8,1.1,0.3,2.3,22.5,15,0,3.6,2015,0,False,0.47
Tiago Splitter,SAS,30,52,34,18,19.8,8.2,5.8,55.8,0.0,0.0,2.3,75.0,1.8,3.1,4.8,1.5,1.2,0.7,0.7,2.0,19.3,1,0,4.4,2015,0,False,0.65
Lance Stephenson,CHA,24,61,23,38,25.8,8.2,9.0,37.6,1.7,17.1,1.8,62.7,0.6,3.9,4.5,3.9,2.1,0.6,0.1,2.2,19.7,2,0,-3.6,2015,0,False,0.38
Henry Sims,PHI,25,73,14,59,19.2,8.0,6.9,47.4,0.3,18.2,1.9,77.4,1.7,3.3,4.9,1.1,1.4,0.5,0.4,1.8,17.0,4,0,-4.5,2015,0,False,0.19
Iman Shumpert,CLE,25,62,34,28,24.9,8.0,7.6,41.0,3.2,34.2,1.0,67.2,0.9,2.7,3.6,2.2,1.5,1.3,0.3,2.2,18.8,2,0,1.0,2015,0,False,0.55
Jason Smith,NYK,29,82,17,65,21.8,8.0,7.2,43.4,0.5,35.7,1.9,83.0,1.2,2.8,4.0,1.7,1.3,0.4,0.5,2.5,16.8,3,0,-5.2,2015,0,False,0.21
Patrick Patterson,TOR,26,81,49,32,26.6,8.0,6.6,44.9,3.5,37.1,1.0,78.8,1.6,3.8,5.3,1.9,0.7,0.7,0.5,1.8,20.5,3,0,3.1,2015,0,False,0.6
Kris Humphries,WAS,30,64,37,27,21.0,8.0,7.0,47.3,0.1,0.0,1.8,74.4,1.8,4.7,6.5,0.9,0.7,0.5,0.4,2.0,19.1,3,0,-1.4,2015,0,False,0.58
David Lee,GSW,32,49,37,12,18.5,7.9,6.4,51.1,0.0,0.0,2.1,65.4,1.7,3.6,5.2,1.7,1.0,0.6,0.5,1.7,19.3,1,0,0.5,2015,1,False,0.76
Marcus Thornton,PHX,28,48,19,29,15.0,7.9,7.2,40.6,3.0,37.8,1.2,82.1,0.5,1.3,1.8,0.8,0.6,0.6,0.1,0.8,12.8,0,0,-0.1,2015,0,False,0.4
James Johnson,TOR,28,70,40,30,19.6,7.9,5.8,58.9,0.7,21.6,1.5,65.7,0.9,2.8,3.7,1.4,1.1,0.8,1.0,2.2,18.5,2,0,2.1,2015,0,False,0.57
KJ McDaniels,HOU,22,62,19,43,21.8,7.9,7.0,39.6,2.4,28.7,2.1,75.2,1.0,2.2,3.2,1.2,1.7,0.7,1.1,2.0,17.3,1,0,-4.2,2015,0,False,0.31
Andre Iguodala,GSW,31,77,64,13,26.9,7.8,6.4,46.6,2.8,34.9,1.5,59.6,0.6,2.8,3.3,3.0,1.1,1.2,0.3,1.3,19.6,0,0,5.7,2015,0,False,0.83
Marcus Smart,BOS,21,67,35,32,27.0,7.8,7.1,36.7,4.1,33.5,1.9,64.6,0.9,2.4,3.3,3.1,1.3,1.5,0.3,2.6,20.3,0,0,0.8,2015,0,False,0.52
Mike Scott,ATL,26,68,52,16,16.5,7.8,6.7,44.4,2.8,34.4,1.1,79.2,0.7,2.3,2.9,1.1,0.6,0.4,0.0,1.2,13.6,0,0,0.3,2015,0,False,0.76
Jerryd Bayless,MIL,26,77,39,38,22.3,7.8,6.7,42.6,1.6,30.8,1.8,88.3,0.3,2.5,2.7,3.0,1.7,0.8,0.2,2.1,16.6,0,0,-0.2,2015,0,False,0.51
Rasual Butler,WAS,36,75,39,36,20.1,7.7,6.9,42.2,3.1,38.7,0.9,79.1,0.4,2.3,2.6,0.8,0.6,0.4,0.3,1.3,13.5,0,0,-0.7,2015,0,False,0.52
Steven Adams,OKC,21,70,37,33,25.3,7.7,5.7,54.4,0.0,0.0,2.9,50.2,2.8,4.6,7.5,0.9,1.4,0.5,1.2,3.2,22.0,10,0,0.7,2015,0,False,0.53
Jae Crowder,BOS,24,82,47,35,20.1,7.7,6.6,42.0,2.5,29.3,1.7,77.3,0.9,2.7,3.6,1.1,0.6,0.9,0.3,1.7,16.6,0,0,0.9,2015,0,False,0.57
Beno Udrih,MEM,32,79,55,24,18.9,7.7,6.4,48.7,1.2,26.8,1.3,85.3,0.3,1.6,1.8,2.8,1.1,0.6,0.1,1.1,14.9,0,0,-0.1,2015,0,False,0.7
Norris Cole,NOP,26,75,37,38,24.4,7.6,7.4,41.2,2.3,31.3,1.1,71.6,0.2,1.9,2.1,3.4,1.3,0.8,0.2,1.7,16.8,0,0,-2.5,2015,0,False,0.49
Cody Zeller,CHA,22,62,27,35,24.0,7.6,6.0,46.1,0.0,100.0,2.6,77.4,1.6,4.3,5.8,1.6,1.0,0.5,0.8,2.5,20.1,2,0,0.3,2015,0,False,0.44
JJ Hickson,DEN,26,73,26,47,19.3,7.6,6.3,47.5,0.0,0.0,2.8,57.7,2.1,4.1,6.2,0.8,1.3,0.5,0.5,1.9,17.8,9,0,-3.2,2015,0,False,0.36
J.J. Barea,DAL,31,77,49,28,17.7,7.5,7.0,42.0,2.2,32.3,1.2,80.9,0.3,1.4,1.7,3.4,0.9,0.4,0.0,1.4,15.2,0,0,1.6,2015,0,False,0.64
Tayshaun Prince,DET,35,58,27,31,24.1,7.5,6.9,44.0,1.2,46.3,1.1,75.4,0.9,2.7,3.6,1.6,0.6,0.5,0.3,0.9,16.0,0,0,-2.3,2015,0,False,0.47
Marvin Williams,CHA,29,78,32,46,26.1,7.4,6.3,42.4,3.4,35.8,1.1,71.3,0.7,4.2,4.9,1.3,0.8,0.9,0.5,1.9,18.5,1,0,-2.0,2015,0,False,0.41
Ray McCallum,SAC,24,68,22,46,21.1,7.4,6.9,43.8,1.6,30.6,1.2,67.9,0.8,1.9,2.6,2.8,1.3,0.7,0.2,1.4,15.9,0,0,-3.5,2015,0,False,0.32
Donald Sloan,IND,27,53,22,31,20.9,7.4,6.7,40.8,2.5,31.3,1.5,77.9,0.2,2.5,2.7,3.6,1.2,0.4,0.0,0.9,16.1,1,0,-1.6,2015,0,False,0.42
Alan Anderson,BKN,32,74,35,39,23.6,7.4,5.9,44.3,2.8,34.8,1.4,81.2,0.4,2.3,2.8,1.1,0.8,0.8,0.1,2.0,14.0,0,0,-0.8,2015,0,False,0.47
Omer Asik,NOP,28,76,43,33,26.1,7.3,5.4,51.7,0.0,0.0,3.0,58.2,3.2,6.6,9.8,0.9,1.3,0.4,0.7,1.9,22.6,13,0,0.3,2015,0,False,0.57
Channing Frye,ORL,32,75,23,52,24.9,7.3,6.5,39.2,4.6,39.3,0.5,88.6,0.4,3.5,3.9,1.3,1.0,0.6,0.5,2.5,16.3,2,0,-3.3,2015,0,False,0.31
Henry Walker,MIA,27,24,12,12,26.1,7.3,7.0,34.5,5.5,34.1,0.8,77.8,0.3,3.1,3.4,1.2,1.0,1.0,0.4,3.2,16.3,0,0,0.0,2015,0,False,0.5
Larry Sanders,MIL,26,27,12,15,21.7,7.3,6.4,50.0,0.0,0.0,1.8,50.0,2.5,3.7,6.1,0.9,1.0,1.0,1.4,3.9,22.1,0,0,-3.3,2015,0,False,0.44
Brandan Wright,PHX,27,75,37,38,19.3,7.3,4.8,64.2,0.0,0.0,1.5,69.6,1.7,2.6,4.3,0.5,0.5,0.7,1.3,1.4,18.5,3,0,-0.2,2015,0,False,0.49
Joakim Noah,CHI,30,67,39,28,30.6,7.2,6.4,44.5,0.0,0.0,2.6,60.3,3.3,6.4,9.6,4.7,1.8,0.7,1.1,3.0,29.4,15,0,1.2,2015,1,False,0.58
Jared Dudley,MIL,29,72,39,33,23.8,7.2,5.9,46.8,2.7,38.5,0.9,71.6,0.6,2.4,3.1,1.8,0.9,1.0,0.2,1.6,16.2,0,0,1.5,2015,0,False,0.54
Carl Landry,SAC,31,70,26,44,17.0,7.2,5.3,51.5,0.0,0.0,2.1,82.0,1.4,2.4,3.8,0.4,0.8,0.2,0.2,1.9,12.9,3,0,-3.1,2015,0,False,0.37
Trevor Booker,UTA,27,79,37,42,19.8,7.2,5.9,48.7,1.1,34.5,1.9,58.1,1.8,3.3,5.0,1.1,1.1,0.5,0.5,1.8,16.9,3,0,0.4,2015,0,False,0.47
Quincy Pondexter,NOP,27,75,48,27,23.9,7.2,6.0,42.1,3.3,37.3,1.3,74.0,0.7,1.9,2.6,1.3,0.7,0.3,0.3,2.0,13.2,0,0,0.1,2015,0,False,0.64
Lance Thomas,NYK,27,62,20,42,24.0,7.1,7.1,41.2,0.4,31.8,1.6,72.7,1.0,2.1,3.1,1.1,1.2,0.6,0.1,1.6,13.6,0,0,-5.5,2015,0,False,0.32
Leandro Barbosa,GSW,32,66,54,12,14.9,7.1,5.8,47.4,1.7,38.4,1.1,78.4,0.3,1.0,1.4,1.5,0.7,0.6,0.1,1.3,12.5,0,0,-0.1,2015,0,False,0.82
Jason Terry,HOU,37,77,53,24,21.3,7.0,5.8,42.2,4.2,39.0,0.6,81.3,0.2,1.4,1.6,1.9,1.0,0.9,0.2,1.5,14.1,0,0,1.8,2015,0,False,0.69
John Henson,MIL,24,67,35,32,18.3,7.0,5.2,56.6,0.0,0.0,2.0,56.9,1.9,2.8,4.7,0.9,1.3,0.4,2.0,2.3,19.9,2,0,-1.1,2015,0,False,0.52
Austin Rivers,LAC,22,76,46,30,20.6,7.0,6.5,40.9,1.7,29.8,1.7,67.5,0.4,1.6,2.0,2.0,0.9,0.6,0.2,1.9,14.0,0,0,-1.7,2015,0,False,0.61
Patty Mills,SAS,26,51,37,14,15.7,6.9,6.6,38.1,3.6,34.1,0.8,82.5,0.4,1.1,1.5,1.7,0.7,0.5,0.0,1.1,12.3,0,0,3.0,2015,0,False,0.73
Kevin Garnett,MIN,39,47,20,27,20.3,6.9,6.5,46.7,0.1,14.3,1.0,80.0,1.0,5.6,6.6,1.6,1.0,1.0,0.4,2.3,20.3,3,0,-0.5,2015,9,False,0.43
Jusuf Nurkic,DEN,20,62,21,41,17.8,6.9,6.2,44.6,0.0,0.0,2.1,63.6,2.0,4.1,6.2,0.8,1.4,0.8,1.1,3.3,19.9,4,0,-0.1,2015,0,False,0.34
Will Barton,DEN,24,58,30,28,17.0,6.8,6.1,42.5,1.5,27.1,1.6,78.7,0.4,2.3,2.8,1.4,1.1,0.8,0.3,1.2,14.7,2,0,-0.5,2015,0,False,0.52
CJ McCollum,POR,23,62,37,25,15.7,6.8,5.9,43.6,2.2,39.6,1.2,69.9,0.2,1.2,1.5,1.0,0.8,0.7,0.1,1.3,11.8,0,0,1.9,2015,0,False,0.6
Chase Budinger,MIN,27,67,8,59,19.2,6.8,5.8,43.3,2.1,36.4,1.2,82.7,0.5,2.5,3.0,1.0,0.7,0.7,0.1,1.1,13.5,0,0,-3.9,2015,0,False,0.12
Cory Joseph,SAS,23,79,53,26,18.3,6.8,5.2,50.4,0.6,36.4,1.8,73.4,0.6,1.9,2.4,2.4,0.8,0.6,0.2,1.3,14.8,0,0,2.2,2015,0,False,0.67
Brian Roberts,CHA,29,72,30,42,18.5,6.7,6.3,38.9,2.7,32.1,1.0,89.2,0.2,1.3,1.5,2.3,0.8,0.5,0.1,1.0,12.7,0,0,-1.2,2015,0,False,0.42
Adreian Payne,MIN,24,32,7,25,23.1,6.7,6.9,41.4,0.3,11.1,1.4,65.2,1.5,3.6,5.1,0.9,1.4,0.6,0.3,2.8,15.4,3,0,-7.6,2015,0,False,0.22
Darrell Arthur,DEN,27,58,22,36,17.0,6.6,6.6,40.4,1.9,23.6,1.0,78.0,0.9,2.0,2.9,1.0,0.8,0.8,0.4,2.5,14.6,2,0,-0.2,2015,0,False,0.38
Aron Baynes,SAS,28,70,49,21,16.0,6.6,4.7,56.6,0.1,25.0,1.5,86.5,1.6,3.0,4.5,0.5,0.9,0.2,0.3,2.3,13.5,5,0,1.9,2015,0,False,0.7
Kevin Seraphin,WAS,25,79,45,34,15.6,6.6,5.7,51.3,0.0,0.0,1.0,70.7,1.1,2.5,3.6,0.7,1.2,0.1,0.7,2.5,13.5,1,0,-2.0,2015,0,False,0.57
Alexis Ajinca,NOP,27,68,41,27,14.1,6.5,4.8,55.0,0.0,0.0,1.5,81.8,1.5,3.1,4.6,0.7,1.0,0.3,0.8,2.2,15.3,5,0,-0.2,2015,0,False,0.6
Ryan Kelly,LAL,24,52,11,41,23.7,6.4,5.9,33.7,2.6,33.6,1.8,83.2,0.3,2.6,2.8,1.8,0.7,0.6,0.5,2.3,14.8,0,0,-2.8,2015,0,False,0.21
Anthony Tolliver,DET,30,76,36,40,18.9,6.3,5.2,41.0,3.8,36.6,0.9,78.3,0.7,2.4,3.1,0.8,0.7,0.3,0.2,1.8,12.1,1,0,1.4,2015,0,False,0.47
Jerami Grant,PHI,21,65,18,47,21.2,6.3,5.4,35.2,2.4,31.4,3.0,59.1,0.8,2.3,3.0,1.2,1.3,0.6,1.0,2.2,15.5,0,0,-2.7,2015,0,False,0.28
Andrew Bogut,GSW,30,67,58,9,23.6,6.3,5.3,56.3,0.0,0.0,0.6,52.4,2.1,6.0,8.1,2.7,1.6,0.6,1.7,2.8,25.3,6,0,8.0,2015,1,False,0.87
Charlie Villanueva,DAL,30,64,37,27,10.6,6.3,5.7,41.4,3.5,37.6,0.5,57.1,0.5,1.9,2.3,0.3,0.4,0.2,0.3,1.0,10.8,0,0,-0.8,2015,0,False,0.58
Mitch McGary,OKC,23,32,20,12,15.2,6.3,5.2,53.3,0.1,0.0,1.3,62.5,1.7,3.5,5.2,0.4,1.0,0.5,0.5,2.3,15.2,3,0,1.5,2015,0,False,0.62
Ramon Sessions,WAS,29,64,26,38,18.6,6.3,5.2,37.4,0.9,31.7,2.7,76.9,0.4,1.9,2.3,2.8,1.3,0.5,0.0,1.1,13.3,0,0,-2.5,2015,0,False,0.41
Jeremy Lamb,OKC,23,47,27,20,13.5,6.3,5.3,41.6,2.4,34.2,1.2,89.1,0.2,2.1,2.3,0.9,0.6,0.4,0.1,1.1,11.6,1,0,-1.5,2015,0,False,0.57
Danny Granger,PHX,32,30,11,19,20.4,6.3,5.4,40.1,2.8,35.7,1.2,75.7,0.7,2.0,2.7,0.6,0.8,0.4,0.2,2.2,11.4,0,0,-3.5,2015,0,False,0.37
Alex Len,PHX,22,69,35,34,22.0,6.3,5.1,50.7,0.0,33.3,1.5,70.2,2.1,4.5,6.6,0.5,1.1,0.5,1.5,3.1,19.8,10,0,-0.4,2015,0,False,0.51
Ben Gordon,ORL,32,56,17,39,14.1,6.2,5.3,43.7,1.7,36.1,1.2,83.6,0.1,1.0,1.1,0.9,1.0,0.3,0.0,1.1,8.7,0,0,-2.4,2015,0,False,0.3
Shane Larkin,NYK,22,76,16,60,24.5,6.2,5.7,43.3,1.5,30.2,1.0,78.2,0.4,1.9,2.3,3.0,1.1,1.2,0.1,2.0,16.4,1,0,-5.2,2015,0,False,0.21
Chris Copeland,IND,31,50,19,31,16.5,6.2,6.2,36.1,3.3,31.1,0.9,73.3,0.5,1.8,2.2,1.0,1.2,0.2,0.2,1.6,10.5,1,0,-0.6,2015,0,False,0.38
Ish Smith,PHI,26,55,24,31,15.1,6.1,6.7,39.0,1.1,30.0,1.0,59.6,0.3,1.5,1.8,3.3,1.4,0.7,0.1,0.9,14.1,0,0,-1.9,2015,0,False,0.44
T.J. Warren,PHX,21,40,17,23,15.4,6.1,5.4,52.8,0.5,23.8,0.5,73.7,1.0,1.1,2.1,0.6,0.7,0.5,0.2,1.3,11.0,0,0,-2.4,2015,0,False,0.42
Jason Thompson,SAC,28,81,29,52,24.6,6.1,5.3,47.0,0.0,0.0,1.8,62.2,1.7,4.8,6.5,1.0,1.0,0.4,0.7,3.0,17.8,7,0,-2.3,2015,0,False,0.36
Tony Snell,CHI,23,72,43,29,19.6,6.0,5.2,42.9,2.7,37.1,0.8,80.0,0.4,2.0,2.4,0.9,0.7,0.4,0.2,1.2,11.4,1,0,0.7,2015,0,False,0.6
Tarik Black,LAL,23,63,25,38,19.0,6.0,4.3,57.5,0.0,0.0,1.9,55.1,2.3,3.6,5.8,0.7,0.8,0.3,0.4,2.5,15.3,5,0,-1.3,2015,0,False,0.4
Otto Porter Jr.,WAS,22,74,41,33,19.4,6.0,5.3,45.0,1.4,33.7,1.1,73.4,0.9,2.0,3.0,0.9,0.7,0.6,0.4,1.3,13.2,0,0,-0.5,2015,0,False,0.55
Kyle Singler,OKC,27,80,36,44,21.8,6.0,5.6,38.6,3.0,39.8,0.7,76.9,0.4,2.0,2.4,1.1,0.7,0.6,0.3,1.9,12.4,0,0,-1.2,2015,0,False,0.45
Jonas Jerebko,BOS,28,75,37,38,16.4,6.0,5.1,44.6,1.9,38.6,0.9,84.8,1.2,2.5,3.8,0.9,0.6,0.6,0.2,1.8,13.9,1,0,1.9,2015,0,False,0.49
Meyers Leonard,POR,23,55,32,23,15.4,5.9,4.5,51.0,2.0,42.0,0.6,93.8,0.8,3.7,4.5,0.6,0.7,0.2,0.3,2.1,12.9,3,0,0.3,2015,0,False,0.58
Tyler Johnson,MIA,23,32,15,17,18.8,5.9,5.2,41.9,1.5,37.5,1.5,68.1,0.4,2.1,2.5,1.3,0.9,1.0,0.3,1.3,13.9,1,0,-2.0,2015,0,False,0.47
Shaun Livingston,GSW,29,78,64,14,18.8,5.9,5.1,50.0,0.0,0.0,1.2,71.4,0.6,1.8,2.3,3.3,1.3,0.6,0.3,1.4,15.1,1,0,0.7,2015,0,False,0.82
Caron Butler,DET,35,78,30,48,20.8,5.9,5.1,40.7,2.8,37.9,0.8,90.2,0.3,2.2,2.5,1.0,0.6,0.6,0.1,1.5,11.6,0,0,-0.3,2015,0,False,0.38
Willie Green,ORL,33,52,15,37,18.3,5.9,5.9,38.6,2.3,34.7,0.7,82.4,0.3,1.3,1.5,1.3,0.9,0.5,0.1,1.6,10.5,0,0,-1.6,2015,0,False,0.29
Quincy Acy,NYK,24,68,12,56,18.9,5.9,4.9,45.9,0.9,30.0,1.4,78.4,1.2,3.3,4.4,1.0,0.9,0.4,0.3,2.2,13.9,1,0,-3.1,2015,0,False,0.18
Richard Jefferson,DAL,35,74,46,28,16.8,5.8,4.4,44.4,2.1,42.6,1.5,68.4,0.3,2.1,2.5,0.8,0.7,0.4,0.1,1.6,11.1,2,0,0.1,2015,0,False,0.62
Spencer Hawes,LAC,27,73,52,21,17.5,5.8,5.7,39.3,2.4,31.3,0.9,64.7,0.4,3.1,3.5,1.2,0.8,0.3,0.7,2.4,14.2,0,0,-1.3,2015,0,False,0.71
Vince Carter,MEM,38,66,45,21,16.5,5.8,6.2,33.3,3.5,29.7,0.9,78.9,0.4,1.6,2.0,1.2,0.7,0.7,0.2,1.5,12.0,0,0,0.5,2015,2,False,0.68
Kyle O'Quinn,ORL,25,51,15,36,16.2,5.8,4.7,49.2,0.8,27.9,1.1,77.2,0.9,3.0,3.9,1.2,1.1,0.6,0.8,2.2,15.2,3,0,-2.4,2015,0,False,0.29
Chris Johnson,UTA,25,29,9,20,18.2,5.7,5.3,40.3,3.3,29.5,0.6,87.5,0.3,1.6,1.9,0.5,0.5,0.9,0.2,1.5,11.7,0,0,-1.1,2015,0,False,0.31
Kirk Hinrich,CHI,34,66,37,29,24.4,5.7,5.8,37.3,2.5,34.5,0.8,70.0,0.3,1.5,1.8,2.2,1.1,0.7,0.2,2.2,12.9,0,0,0.6,2015,0,False,0.56
Thomas Robinson,PHI,24,54,26,28,14.8,5.7,4.8,48.5,0.0,0.0,2.0,52.8,1.8,3.9,5.6,0.6,1.1,0.6,0.4,1.9,15.2,4,0,0.2,2015,0,False,0.48
Nate Robinson,DEN,31,42,22,20,14.1,5.7,6.1,34.5,2.7,27.7,1.1,67.4,0.4,0.8,1.2,2.3,0.7,0.5,0.1,1.8,11.5,0,0,-3.0,2015,0,False,0.52
Pero Antic,ATL,32,63,46,17,16.5,5.7,4.7,36.5,2.7,30.1,2.0,71.5,0.9,2.1,3.0,0.8,0.8,0.3,0.2,2.1,11.2,0,0,2.4,2015,0,False,0.73
PJ Hairston,CHA,22,45,19,26,15.3,5.6,6.0,32.3,3.6,30.1,0.8,86.1,0.5,1.6,2.0,0.5,0.5,0.5,0.3,1.4,10.6,1,0,-2.3,2015,0,False,0.42
Archie Goodwin,PHX,20,41,16,25,13.0,5.6,4.9,39.3,1.0,29.3,2.0,73.5,0.7,1.1,1.8,1.1,1.2,0.4,0.2,1.3,10.2,0,0,-4.0,2015,0,False,0.39
John Jenkins,ATL,24,24,13,11,12.4,5.6,4.1,49.5,2.2,40.4,0.8,84.2,0.1,1.5,1.6,0.5,0.3,0.4,0.0,0.6,9.3,0,0,-1.0,2015,0,False,0.54
Al-Farouq Aminu,DAL,24,74,45,29,18.5,5.6,4.8,41.2,1.7,27.4,1.6,71.2,1.5,3.1,4.6,0.8,0.7,0.9,0.8,1.9,16.9,4,0,1.4,2015,0,False,0.61
Cole Aldrich,NYK,26,61,11,50,16.0,5.5,4.9,47.8,0.0,0.0,1.0,78.1,1.7,3.9,5.5,1.2,1.0,0.6,1.1,2.0,18.1,6,0,-4.5,2015,0,False,0.18
Sean Kilpatrick,MIN,25,4,2,2,17.9,5.5,5.0,35.0,3.3,30.8,1.0,100.0,0.3,1.3,1.5,1.0,0.5,0.8,0.0,0.8,10.6,0,0,4.3,2015,0,False,0.5
Shelvin Mack,ATL,25,55,37,18,15.1,5.4,5.3,40.1,2.3,31.5,0.6,80.6,0.1,1.3,1.4,2.8,0.9,0.5,0.0,0.6,12.2,1,0,0.8,2015,0,False,0.67
Drew Gooden,WAS,33,51,31,20,16.9,5.4,5.4,39.9,1.2,39.0,0.9,77.3,1.4,3.0,4.4,1.0,0.5,0.4,0.2,1.8,13.3,2,0,0.0,2015,0,False,0.61
Shawne Williams,DET,29,63,26,37,17.2,5.4,4.8,40.3,2.8,36.0,0.6,87.5,0.6,2.1,2.6,0.7,0.5,0.4,0.3,2.1,11.3,1,0,-1.6,2015,0,False,0.41
Cleanthony Early,NYK,24,39,6,33,16.6,5.4,5.5,35.5,2.2,26.2,1.2,75.0,0.6,1.9,2.5,0.9,1.0,0.6,0.3,1.5,11.5,0,0,-4.2,2015,0,False,0.15
Thabo Sefolosha,ATL,31,52,43,9,18.8,5.3,4.8,41.8,1.5,32.1,1.1,77.6,1.0,3.3,4.3,1.4,0.7,1.0,0.4,1.3,16.2,1,0,3.3,2015,0,False,0.83
Justin Hamilton,MIN,25,41,6,35,17.4,5.3,4.3,47.8,0.8,32.3,1.1,83.0,1.4,1.9,3.3,0.9,0.6,0.7,0.7,1.7,14.1,2,0,-4.3,2015,0,False,0.15
Bryce Cotton,UTA,22,15,9,6,10.6,5.3,4.6,42.0,1.3,35.0,1.2,83.3,0.2,1.0,1.2,1.0,0.8,0.3,0.0,0.4,8.3,0,0,0.0,2015,0,False,0.6
Chris Andersen,MIA,36,60,27,33,18.9,5.3,3.5,58.0,0.2,30.8,1.9,66.7,1.3,3.7,5.0,0.7,0.7,0.4,1.0,1.5,16.1,1,0,0.0,2015,0,False,0.45
Ricky Ledo,NYK,22,17,4,13,14.4,5.3,5.6,33.3,1.6,37.0,1.3,72.7,0.9,1.2,2.1,1.1,1.5,0.4,0.1,1.2,9.2,0,0,-3.1,2015,0,False,0.24
Elijah Millsap,UTA,27,47,25,22,19.7,5.3,5.1,34.0,1.9,31.1,1.8,67.4,0.6,2.6,3.2,1.2,1.4,1.2,0.3,2.6,14.1,0,0,1.2,2015,0,False,0.53
Brandon Davies,PHI,23,27,6,21,15.7,5.3,5.1,40.1,1.3,23.5,1.4,64.9,1.4,1.7,3.1,1.1,1.1,0.7,0.3,2.2,12.3,0,0,-6.0,2015,0,False,0.22
Anthony Bennett,MIN,22,57,12,45,15.7,5.2,5.2,42.1,0.4,30.4,1.1,64.1,0.9,2.9,3.8,0.8,0.6,0.5,0.3,1.5,12.7,2,0,-5.2,2015,0,False,0.21
JaKarr Sampson,PHI,22,74,17,57,15.3,5.2,4.7,42.2,1.7,24.4,1.3,67.0,0.5,1.7,2.2,1.0,1.0,0.5,0.4,1.8,11.0,0,0,-4.5,2015,0,False,0.23
Kent Bazemore,ATL,25,75,53,22,17.6,5.2,4.4,42.6,1.8,36.4,1.3,60.0,0.3,2.7,3.0,1.0,1.0,0.7,0.4,1.7,12.7,0,0,-1.3,2015,0,False,0.71
Tim Frazier,POR,24,11,3,8,21.8,5.2,5.5,34.4,1.5,29.4,1.9,47.6,0.5,2.0,2.5,5.5,2.3,0.7,0.0,2.4,16.3,1,0,-0.5,2015,0,False,0.27
Kosta Koufos,MEM,26,81,55,26,16.6,5.2,4.4,50.8,0.0,0.0,1.0,64.7,1.5,3.8,5.3,0.5,0.9,0.4,0.8,1.8,14.7,0,0,1.2,2015,0,False,0.68
Aaron Gordon,ORL,19,47,14,33,17.0,5.2,4.4,44.7,1.0,27.1,1.3,72.1,1.0,2.6,3.6,0.7,0.8,0.4,0.5,1.8,12.5,1,0,-3.5,2015,0,False,0.3
Dante Cunningham,NOP,28,66,37,29,25.0,5.2,5.1,45.7,0.2,10.0,0.7,61.7,1.1,2.8,3.9,0.8,0.5,0.7,0.6,1.5,14.2,1,0,-0.5,2015,0,False,0.56
Ronnie Price,LAL,32,43,13,30,22.8,5.1,5.2,34.5,2.5,28.4,1.0,80.0,0.4,1.2,1.6,3.8,1.2,1.6,0.1,2.7,16.6,0,0,-1.7,2015,0,False,0.3
Shabazz Napier,MIA,23,51,24,27,19.8,5.1,4.5,38.2,2.3,36.4,1.1,78.6,0.3,1.9,2.2,2.5,1.6,0.8,0.1,1.5,12.6,0,0,-0.6,2015,0,False,0.47
AJ Price,CLE,28,26,11,15,12.4,5.1,5.3,37.2,2.2,26.3,0.9,66.7,0.2,1.0,1.2,1.8,0.5,0.3,0.0,0.6,9.5,0,0,-2.5,2015,0,False,0.42
James Ennis III,MIA,24,62,27,35,17.0,5.0,4.0,40.9,1.5,32.6,1.5,84.0,0.8,2.0,2.8,0.8,0.6,0.4,0.3,1.4,11.0,1,0,-0.1,2015,0,False,0.44
Joe Ingles,UTA,27,79,36,43,21.2,5.0,4.5,41.5,2.6,35.6,0.5,75.0,0.3,1.9,2.2,2.3,1.2,0.9,0.1,1.6,13.0,0,0,-0.6,2015,0,False,0.46
Gigi Datome,BOS,27,21,11,10,10.0,5.0,4.2,48.3,1.9,45.0,0.0,100.0,0.1,1.2,1.4,0.4,0.4,0.1,0.3,0.7,8.2,0,0,3.2,2015,0,False,0.52
Lavoy Allen,IND,26,63,29,34,17.0,5.0,4.7,47.2,0.0,0.0,0.7,70.2,2.0,3.2,5.1,1.2,0.6,0.2,0.7,1.6,15.0,4,0,1.4,2015,0,False,0.46
Mike Muscala,ATL,23,40,26,14,12.6,4.9,3.8,55.0,0.6,40.9,0.6,88.0,1.3,1.7,3.0,0.6,0.5,0.4,0.5,1.3,11.5,1,0,1.4,2015,0,False,0.65
Lou Amundson,NYK,32,53,17,36,17.7,4.9,4.8,42.7,0.0,0.0,1.6,47.1,1.8,3.3,5.1,1.3,1.2,0.4,1.0,2.4,16.0,3,0,-2.8,2015,0,False,0.32
Andrew Nicholson,ORL,25,40,14,26,12.3,4.9,4.8,43.7,1.0,31.7,0.6,60.0,0.4,1.6,2.1,0.6,0.6,0.2,0.3,1.3,8.9,0,0,-2.1,2015,0,False,0.35
Shawn Marion,CLE,37,57,36,21,19.3,4.8,4.7,44.6,0.8,26.1,0.6,76.5,1.1,2.4,3.5,0.9,0.6,0.5,0.5,1.0,12.7,0,0,0.9,2015,2,False,0.63
Dante Exum,UTA,19,82,38,44,22.2,4.8,5.1,34.9,3.2,31.4,0.4,62.5,0.3,1.3,1.6,2.4,1.4,0.5,0.2,1.8,10.9,0,0,1.1,2015,0,False,0.46
Matthew Dellavedova,CLE,24,67,43,24,20.6,4.8,4.6,36.2,2.5,40.7,0.6,76.3,0.6,1.3,1.9,3.0,0.9,0.4,0.0,2.3,11.8,2,0,0.6,2015,0,False,0.64
Bismack Biyombo,CHA,22,64,26,38,19.4,4.8,2.9,54.3,0.0,0.0,2.7,58.3,2.5,3.9,6.4,0.3,0.8,0.3,1.5,2.2,17.4,6,0,-0.5,2015,0,False,0.41
Damjan Rudez,IND,29,68,28,40,15.4,4.8,3.9,45.2,2.5,40.6,0.3,69.6,0.1,0.6,0.7,0.8,0.7,0.2,0.1,1.2,7.0,0,0,0.5,2015,0,False,0.41
John Lucas III,DET,32,21,8,13,12.9,4.7,5.0,40.4,1.4,31.0,0.2,100.0,0.2,0.6,0.8,2.9,0.8,0.4,0.0,0.9,10.2,0,0,-2.2,2015,0,False,0.38
Jordan Farmar,LAC,28,36,23,13,14.7,4.6,4.4,38.6,2.7,36.1,0.3,90.9,0.2,0.9,1.2,1.9,0.9,0.6,0.1,1.4,10.0,0,0,-1.2,2015,0,False,0.64
Sergey Karasev,BKN,21,33,12,21,16.8,4.6,4.1,40.3,1.6,29.6,1.2,76.3,0.7,1.3,2.0,1.4,0.7,0.7,0.0,1.4,10.6,0,0,0.5,2015,0,False,0.36
JaVale McGee,DEN,27,23,8,15,11.1,4.6,3.4,53.2,0.0,0.0,1.4,66.7,0.8,1.9,2.7,0.1,0.8,0.1,0.9,1.3,10.1,0,0,-3.0,2015,0,False,0.35
Markel Brown,BKN,23,47,23,24,16.6,4.6,4.5,36.2,1.4,26.6,1.2,82.5,0.3,1.9,2.3,0.8,0.6,0.7,0.3,1.2,10.7,1,0,-0.5,2015,0,False,0.49
Robert Sacre,LAL,26,67,19,48,16.9,4.6,4.6,41.2,0.0,0.0,1.2,67.1,1.3,2.1,3.5,0.8,0.5,0.4,0.6,1.8,12.6,0,0,-1.0,2015,0,False,0.28
Dorell Wright,POR,29,48,28,20,12.3,4.6,4.0,37.9,2.3,38.0,0.9,81.0,0.3,2.0,2.3,0.9,0.4,0.4,0.2,1.1,10.2,0,0,1.6,2015,0,False,0.58
Jannero Pargo,CHA,35,9,2,7,8.1,4.6,3.9,42.9,2.4,40.9,0.2,100.0,0.0,0.3,0.3,0.9,0.3,0.0,0.0,0.9,6.0,0,0,-0.2,2015,0,False,0.22
Jon Leuer,MEM,26,63,45,18,13.1,4.5,4.3,44.3,0.5,24.1,0.9,62.7,0.8,2.5,3.3,0.7,0.6,0.3,0.1,1.4,10.3,1,0,-0.4,2015,0,False,0.71
Arinze Onuaku,MIN,27,6,0,6,11.4,4.5,2.3,85.7,0.0,0.0,1.3,37.5,1.2,2.3,3.5,0.7,0.3,0.2,0.5,1.0,11.4,0,0,-3.0,2015,0,False,0.0
Alonzo Gee,POR,28,54,21,33,12.2,4.5,3.4,46.8,0.6,37.1,1.4,70.1,0.7,1.1,1.7,0.5,0.6,0.6,0.1,1.1,9.0,0,0,-1.9,2015,0,False,0.39
Robbie Hummel,MIN,26,45,5,40,16.5,4.4,3.8,45.9,1.1,31.4,0.6,82.8,0.7,2.3,3.0,0.6,0.4,0.4,0.2,1.9,10.1,2,0,-3.3,2015,0,False,0.11
James Jones,CLE,34,57,35,22,11.7,4.4,3.5,36.8,3.1,36.0,0.8,84.8,0.2,0.9,1.1,0.4,0.2,0.2,0.1,1.2,7.2,0,0,-1.9,2015,0,False,0.61
Andre Miller,SAC,39,81,44,37,15.5,4.4,3.6,50.0,0.4,20.6,1.0,75.3,0.5,1.4,1.9,3.5,1.3,0.4,0.1,1.3,12.0,1,0,-1.6,2015,0,False,0.54
Jeffery Taylor,CHA,26,29,11,18,14.8,4.4,3.9,39.5,1.2,30.6,1.4,63.4,0.5,1.3,1.8,0.8,0.7,0.4,0.0,1.2,8.4,0,0,-4.4,2015,0,False,0.38
Nik Stauskas,SAC,21,73,26,47,15.4,4.4,4.1,36.5,2.0,32.2,0.9,85.9,0.2,1.1,1.2,0.9,0.5,0.3,0.2,1.3,8.2,0,0,-1.8,2015,0,False,0.36
Festus Ezeli,GSW,25,46,39,7,10.9,4.4,3.0,54.7,0.0,0.0,1.7,62.8,1.3,2.1,3.4,0.2,0.7,0.2,0.9,1.7,11.2,0,0,0.3,2015,0,False,0.85
Ian Mahinmi,IND,28,61,28,33,18.8,4.3,3.5,55.2,0.0,0.0,1.7,30.4,1.7,4.1,5.8,0.5,1.0,0.5,0.8,2.8,14.9,2,0,-0.1,2015,0,False,0.46
Steve Blake,POR,35,81,51,30,18.9,4.3,4.0,37.3,2.7,35.2,0.5,70.7,0.2,1.5,1.7,3.6,1.3,0.5,0.1,1.5,12.1,0,0,1.3,2015,0,False,0.63
Justin Holiday,GSW,26,59,49,10,11.1,4.3,4.0,38.7,1.8,32.1,0.8,82.2,0.2,1.0,1.2,0.8,0.5,0.7,0.2,0.9,9.2,0,0,-0.2,2015,0,False,0.83
Perry Jones III,OKC,23,43,23,20,14.7,4.3,4.3,39.7,1.4,23.3,0.9,64.9,0.1,1.6,1.8,0.4,0.6,0.4,0.2,1.2,8.2,0,0,-3.0,2015,0,False,0.53
Spencer Dinwiddie,DET,22,34,12,22,13.4,4.3,5.0,30.2,1.9,18.5,1.0,91.2,0.1,1.3,1.4,3.1,1.0,0.6,0.2,1.6,11.8,1,0,-2.1,2015,0,False,0.35
Toney Douglas,NOP,29,12,7,5,14.7,4.3,4.3,37.3,1.5,27.8,1.1,61.5,0.2,1.7,1.8,2.0,0.8,0.9,0.3,1.7,12.4,0,0,0.6,2015,0,False,0.58
Josh McRoberts,MIA,28,17,8,9,17.4,4.2,3.1,52.8,1.1,42.1,0.8,61.5,0.4,2.2,2.6,1.9,1.3,0.7,0.2,2.4,11.7,0,0,1.9,2015,0,False,0.47
Kostas Papanikolaou,HOU,24,43,29,14,18.5,4.2,4.6,35.0,2.5,29.2,0.4,72.2,0.9,1.8,2.7,2.0,1.3,0.7,0.3,1.7,12.1,0,0,-0.9,2015,0,False,0.67
Kendall Marshall,MIL,23,28,13,15,14.9,4.2,3.6,45.5,1.6,39.1,0.3,88.9,0.1,0.9,1.0,3.1,1.3,0.8,0.0,0.9,11.0,0,0,2.0,2015,0,False,0.46
Udonis Haslem,MIA,35,62,31,31,16.0,4.2,3.9,44.8,0.2,20.0,1.0,70.3,1.1,3.0,4.2,0.7,0.7,0.3,0.2,1.8,11.3,3,0,-2.5,2015,0,False,0.5
Lorenzo Brown,MIN,24,29,6,23,18.9,4.2,4.2,42.6,1.0,21.4,0.7,63.2,0.5,1.9,2.4,3.1,1.0,1.0,0.2,1.7,14.2,0,0,-3.2,2015,0,False,0.21
Nick Calathes,MEM,26,58,36,22,14.4,4.2,4.3,42.1,0.7,25.6,0.8,53.3,0.3,1.5,1.8,2.5,1.1,1.1,0.1,1.7,12.6,0,0,1.5,2015,0,False,0.62
Nick Collison,OKC,34,66,38,28,16.7,4.1,3.8,41.9,0.9,26.7,1.0,69.2,1.4,2.4,3.8,1.4,0.7,0.5,0.4,2.4,12.8,0,0,1.3,2015,0,False,0.58
James Michael McAdoo,GSW,22,15,11,4,9.1,4.1,2.9,54.5,0.0,0.0,1.7,56.0,1.0,1.5,2.5,0.1,0.4,0.3,0.6,1.4,9.7,0,0,0.6,2015,0,False,0.73
Pablo Prigioni,HOU,38,67,25,42,17.9,4.1,3.4,39.9,2.5,34.3,0.6,85.4,0.4,1.3,1.8,2.6,0.9,1.2,0.0,1.3,12.7,0,0,-1.0,2015,0,False,0.37
Luke Babbitt,NOP,26,63,34,29,13.2,4.1,3.0,47.9,1.8,51.3,0.3,68.4,0.2,1.6,1.8,0.4,0.4,0.3,0.2,1.0,7.7,0,0,-1.6,2015,0,False,0.54
Miles Plumlee,MIL,26,73,34,39,16.4,4.0,3.5,53.5,0.0,0.0,0.6,47.8,1.5,2.8,4.4,0.5,0.7,0.6,0.9,1.5,13.7,1,0,0.0,2015,0,False,0.47
Luke Ridnour,ORL,34,47,13,34,14.5,4.0,3.7,42.6,1.3,31.7,0.4,85.7,0.2,1.3,1.4,2.0,0.8,0.4,0.1,1.4,9.5,0,0,-2.7,2015,0,False,0.28
Samuel Dalembert,NYK,35,32,5,27,17.0,4.0,4.1,43.8,0.0,0.0,0.6,70.0,1.7,3.6,5.3,0.9,1.2,0.4,1.3,2.2,15.6,1,0,-5.5,2015,0,False,0.16
Shannon Brown,MIA,29,5,3,2,17.8,4.0,3.8,36.8,1.4,42.9,0.8,75.0,0.0,0.2,0.2,0.6,0.8,0.8,0.0,1.6,6.7,0,0,-3.2,2015,0,False,0.6
Glen Davis,LAC,29,74,52,22,12.2,4.0,3.4,45.9,0.1,0.0,1.3,63.2,0.6,1.7,2.3,0.5,0.5,0.6,0.3,1.8,9.5,0,0,-1.1,2015,0,False,0.7
Garrett Temple,WAS,29,52,28,24,14.1,3.9,3.3,40.0,1.7,37.5,0.9,72.9,0.5,1.3,1.7,1.1,0.7,0.8,0.2,1.5,9.9,0,0,-0.9,2015,0,False,0.54
Travis Wear,NYK,24,51,7,44,13.2,3.9,4.1,40.2,0.6,36.7,0.5,76.9,0.6,1.5,2.1,0.8,0.7,0.3,0.2,1.1,8.4,0,0,-1.6,2015,0,False,0.14
Joffrey Lauvergne,DEN,23,24,9,15,11.2,3.9,3.7,40.4,0.7,18.8,1.2,64.3,1.1,2.1,3.2,0.5,0.9,0.3,0.4,1.8,9.9,0,0,-4.7,2015,0,False,0.38
Larry Drew II,PHI,25,12,4,8,18.3,3.8,4.8,34.5,2.2,15.4,0.3,66.7,0.1,1.2,1.3,3.8,2.1,0.5,0.0,1.1,10.4,0,0,-6.1,2015,0,False,0.33
Austin Daye,ATL,27,34,17,17,10.1,3.8,4.1,35.5,2.1,33.8,0.2,83.3,0.3,1.9,2.2,0.5,0.7,0.4,0.1,1.1,8.0,2,0,-1.3,2015,0,False,0.5
Reggie Evans,SAC,35,47,16,31,16.3,3.7,2.9,42.3,0.0,0.0,2.1,61.9,2.1,4.3,6.4,0.7,1.0,0.5,0.1,1.9,13.2,2,0,-1.0,2015,0,False,0.34
Troy Daniels,CHA,23,47,15,32,8.5,3.7,3.5,37.0,2.5,36.4,0.3,84.6,0.2,0.5,0.7,0.5,0.4,0.1,0.0,0.9,5.3,0,0,-1.8,2015,0,False,0.32
Hedo Turkoglu,LAC,36,62,42,20,11.4,3.7,3.0,44.1,2.2,43.2,0.2,54.5,0.1,1.5,1.6,0.6,0.5,0.3,0.1,1.1,7.3,0,0,0.2,2015,0,False,0.68
Raymond Felton,DAL,31,29,14,15,9.7,3.7,3.7,40.6,1.2,29.4,0.5,80.0,0.1,0.8,0.9,1.4,0.6,0.4,0.1,0.6,7.9,0,0,-0.7,2015,0,False,0.48
Matt Bonner,SAS,35,72,49,23,13.0,3.7,3.2,40.9,1.8,36.5,0.5,81.1,0.4,1.2,1.6,0.7,0.2,0.1,0.2,0.9,7.3,0,0,0.5,2015,0,False,0.68
Tyler Ennis,MIL,20,33,11,22,12.5,3.7,4.4,36.1,1.3,27.9,0.2,71.4,0.2,0.8,1.1,2.2,1.3,0.5,0.2,1.1,9.1,0,0,-1.8,2015,0,False,0.33
Dewayne Dedmon,ORL,25,59,17,42,14.3,3.7,2.7,56.2,0.0,0.0,1.1,53.1,2.0,3.0,5.0,0.2,0.9,0.3,0.8,2.4,12.4,2,0,-0.4,2015,0,False,0.29
Cory Jefferson,BKN,24,50,18,32,10.6,3.7,3.3,44.9,0.3,13.3,1.1,57.4,0.9,2.0,2.9,0.3,0.4,0.2,0.4,1.2,9.1,1,0,1.5,2015,0,False,0.36
Tyler Hansbrough,TOR,29,74,45,29,14.3,3.6,2.2,52.1,0.1,14.3,1.9,69.8,1.4,2.1,3.6,0.3,0.3,0.4,0.2,1.9,9.9,2,0,2.6,2015,0,False,0.61
Kendrick Perkins,CLE,30,68,38,30,16.9,3.6,3.3,44.9,0.0,0.0,1.2,50.6,1.3,3.4,4.7,0.8,1.4,0.2,0.6,2.4,11.6,0,0,0.3,2015,0,False,0.56
Lester Hudson,LAC,30,5,5,0,11.1,3.6,2.8,42.9,1.2,50.0,0.8,75.0,0.2,1.4,1.6,1.0,0.6,1.2,0.2,0.8,10.6,0,0,-1.2,2015,0,False,1.0
Jimmer Fredette,NOP,26,50,27,23,10.2,3.6,3.3,38.0,1.0,18.8,0.9,95.6,0.2,0.6,0.8,1.2,0.7,0.3,0.0,0.9,6.6,0,0,0.8,2015,0,False,0.54
Phil Pressey,BOS,24,50,22,28,12.0,3.5,3.5,36.8,1.3,24.6,1.0,67.3,0.3,1.3,1.6,2.3,0.8,0.6,0.1,1.1,10.3,1,0,0.0,2015,0,False,0.44
Jeff Adrien,HOU,29,17,1,16,12.7,3.5,2.6,43.2,0.0,0.0,2.2,57.9,1.4,3.2,4.5,0.9,0.5,0.2,0.5,1.8,12.1,0,0,-0.8,2015,0,False,0.06
Joel Freeland,POR,28,48,34,14,12.8,3.5,3.1,49.0,0.0,0.0,0.5,84.0,1.3,2.7,4.0,0.3,0.5,0.2,0.5,1.9,10.3,1,0,1.3,2015,0,False,0.71
Maurice Harkless,ORL,22,45,9,36,15.0,3.5,3.5,39.9,1.2,17.9,0.9,53.7,0.8,1.5,2.4,0.6,0.6,0.7,0.2,1.5,9.3,0,0,-2.0,2015,0,False,0.2
Gary Harris,DEN,20,55,18,37,13.1,3.4,3.9,30.4,1.9,20.4,0.9,74.5,0.4,0.8,1.2,0.5,0.7,0.7,0.1,1.3,7.4,0,0,-3.1,2015,0,False,0.33
Andre Roberson,OKC,23,67,41,26,19.2,3.4,3.0,45.8,1.3,24.7,0.7,47.9,0.9,2.9,3.8,1.0,0.7,0.8,0.4,2.1,12.5,1,0,1.6,2015,0,False,0.61
Erick Green,DEN,24,43,15,28,9.5,3.4,3.8,37.7,1.1,29.8,0.3,83.3,0.2,0.6,0.7,0.9,0.3,0.3,0.0,0.6,6.1,0,0,-1.9,2015,0,False,0.35
James Young,BOS,19,31,14,17,10.7,3.4,3.3,35.3,2.1,25.8,0.9,55.2,0.3,1.1,1.4,0.4,0.2,0.3,0.1,0.7,6.4,0,0,0.2,2015,0,False,0.45
Jason Maxiell,CHA,32,61,22,39,14.4,3.3,3.1,42.2,0.0,0.0,1.2,57.7,1.4,1.9,3.3,0.3,0.5,0.3,0.7,1.6,10.4,0,0,-2.5,2015,0,False,0.36
Noah Vonleh,CHA,19,25,8,17,10.3,3.3,3.0,39.5,0.5,38.5,1.0,69.2,1.1,2.3,3.4,0.2,0.4,0.2,0.4,0.8,8.8,1,0,-2.7,2015,0,False,0.32
Martell Webster,WAS,28,32,12,20,11.0,3.3,2.8,26.4,1.3,23.3,2.0,75.0,0.3,1.1,1.4,0.5,0.7,0.2,0.0,0.8,5.9,0,0,-4.2,2015,0,False,0.38
Allen Crabbe,POR,23,51,36,15,13.4,3.3,3.0,41.2,1.7,35.3,0.3,75.0,0.1,1.3,1.4,0.8,0.3,0.4,0.3,1.5,7.9,0,0,-0.5,2015,0,False,0.71
Francisco Garcia,HOU,33,14,10,4,14.3,3.2,4.5,27.0,3.2,22.2,0.3,25.0,0.2,1.0,1.2,1.1,0.7,0.6,0.4,1.4,8.6,0,0,-0.7,2015,0,False,0.71
Will Bynum,WAS,32,7,4,3,9.5,3.1,4.4,32.3,1.3,0.0,0.6,50.0,0.3,0.6,0.9,2.6,1.1,0.1,0.1,1.3,7.7,0,0,-7.1,2015,0,False,0.57
Jerome Jordan,BKN,28,44,17,27,8.7,3.1,2.1,53.2,0.0,0.0,1.0,86.4,1.2,1.2,2.4,0.3,0.5,0.2,0.3,1.3,7.5,1,0,-1.7,2015,0,False,0.39
Jordan Adams,MEM,20,30,14,16,8.3,3.1,2.9,40.7,0.8,40.0,0.8,60.9,0.3,0.6,0.9,0.5,0.5,0.5,0.2,0.8,6.9,0,0,0.6,2015,0,False,0.47
Dwight Powell,DAL,23,29,11,18,8.2,3.1,2.3,46.3,0.4,27.3,1.1,75.8,0.6,1.1,1.7,0.3,0.4,0.3,0.2,1.4,6.8,0,0,0.0,2015,0,False,0.38
Doug McDermott,CHI,23,36,23,13,8.9,3.0,3.0,40.2,1.1,31.7,0.4,66.7,0.2,1.0,1.2,0.2,0.5,0.1,0.0,0.8,4.7,0,0,-2.3,2015,0,False,0.64
Jarnell Stokes,MEM,21,19,12,7,6.6,3.0,1.9,56.8,0.0,0.0,1.5,53.6,0.8,0.9,1.8,0.2,0.4,0.3,0.3,1.3,6.7,0,0,0.8,2015,0,False,0.63
Ryan Hollins,SAC,30,46,13,33,9.6,3.0,1.8,64.6,0.0,0.0,1.2,57.4,0.8,1.5,2.2,0.3,0.5,0.1,0.4,1.4,7.2,0,0,-1.2,2015,0,False,0.28
Johnny O'Bryant III,MIL,22,34,17,17,10.8,2.9,3.5,36.7,0.0,0.0,0.8,44.4,0.8,1.1,1.9,0.5,0.7,0.1,0.1,1.3,6.0,0,0,-2.9,2015,0,False,0.5
Quincy Miller,DET,22,10,2,8,12.0,2.9,3.8,23.7,1.8,16.7,1.1,72.7,0.4,1.6,2.0,0.8,0.5,0.7,0.5,0.9,9.6,0,0,4.4,2015,0,False,0.2
Shayne Whittington,IND,24,20,9,11,5.4,2.9,2.1,45.2,0.3,16.7,1.2,78.3,0.5,1.0,1.5,0.3,0.3,0.3,0.1,0.9,5.8,0,0,0.8,2015,0,False,0.45
Elliot Williams,PHI,26,13,6,7,9.1,2.8,2.8,37.8,1.4,44.4,0.3,25.0,0.0,0.6,0.6,0.9,0.3,0.3,0.0,0.9,5.6,0,0,0.6,2015,0,False,0.46
Bernard James,DAL,30,16,6,10,9.9,2.8,1.7,44.4,0.0,0.0,1.4,87.0,1.1,1.3,2.4,0.3,0.4,0.1,0.9,1.1,8.9,0,0,-0.6,2015,0,False,0.38
Jordan Hamilton,LAC,24,14,10,4,8.7,2.7,2.5,40.0,1.5,47.6,0.0,0.0,0.1,1.0,1.1,0.5,0.3,0.1,0.0,1.0,5.0,0,0,-2.1,2015,0,False,0.71
Earl Clark,BKN,27,10,6,4,9.3,2.7,3.0,36.7,1.4,28.6,0.4,25.0,0.1,2.2,2.3,0.3,0.6,0.3,0.4,1.2,7.4,0,0,-2.8,2015,0,False,0.6
Jeff Ayres,SAS,28,51,33,18,7.5,2.7,1.9,57.9,0.0,0.0,0.7,75.0,0.7,1.6,2.3,0.3,0.5,0.2,0.2,1.2,6.3,0,0,-1.1,2015,0,False,0.65
Clint Capela,HOU,21,12,8,4,7.5,2.7,2.4,48.3,0.0,0.0,1.9,17.4,0.8,2.2,3.0,0.2,0.4,0.1,0.8,1.2,8.6,0,0,0.7,2015,0,False,0.67
David Stockton,SAC,24,3,1,2,11.0,2.7,2.0,33.3,0.7,50.0,2.0,50.0,0.0,0.7,0.7,3.0,1.3,0.7,0.0,0.3,8.6,0,0,7.7,2015,0,False,0.33
Elton Brand,ATL,36,36,25,11,13.5,2.7,2.6,44.2,0.0,0.0,0.6,52.2,0.8,2.0,2.8,0.6,0.5,0.5,0.7,1.5,9.9,0,0,0.1,2015,1,False,0.69
Joe Harris,CLE,23,51,32,19,9.7,2.7,2.4,40.0,1.6,36.9,0.3,60.0,0.1,0.7,0.8,0.5,0.5,0.1,0.0,1.2,4.4,0,0,-2.0,2015,0,False,0.63
Joey Dorsey,HOU,31,69,48,21,12.4,2.7,2.1,55.2,0.0,0.0,1.2,28.9,1.5,2.6,4.0,0.4,0.6,0.6,0.4,2.3,10.3,0,0,0.2,2015,0,False,0.7
E'Twaun Moore,CHI,26,56,36,20,9.0,2.7,2.5,44.6,0.7,34.2,0.4,60.0,0.2,0.6,0.8,0.6,0.3,0.4,0.1,0.8,5.7,0,0,-0.5,2015,0,False,0.64
Jorge Gutierrez,MIL,26,20,10,10,8.7,2.7,2.1,53.7,0.2,0.0,0.7,69.2,0.3,1.0,1.3,1.1,0.6,0.3,0.0,1.3,6.1,0,0,-1.4,2015,0,False,0.5
Jeff Withey,NOP,25,37,17,20,7.0,2.6,1.7,50.0,0.0,0.0,1.4,68.0,0.6,1.1,1.7,0.3,0.3,0.1,0.5,0.7,6.6,0,0,-1.1,2015,0,False,0.46
Malcolm Thomas,PHI,26,17,2,15,11.4,2.6,2.4,45.0,0.4,0.0,0.8,69.2,0.9,2.4,3.3,0.4,0.8,0.2,0.1,1.0,7.2,0,0,-6.4,2015,0,False,0.12
Nick Johnson,HOU,22,28,18,10,9.4,2.6,2.7,34.7,0.8,23.8,0.9,68.0,0.5,0.9,1.4,0.4,0.7,0.3,0.1,1.2,5.3,0,0,-1.7,2015,0,False,0.64
JaMychal Green,MEM,25,24,10,14,6.8,2.6,2.0,57.4,0.3,0.0,0.4,80.0,0.8,1.1,1.9,0.2,0.6,0.2,0.2,1.0,5.8,0,0,-1.0,2015,0,False,0.42
Russ Smith,MEM,24,12,7,5,5.4,2.5,2.1,32.0,0.9,18.2,1.1,92.3,0.1,0.4,0.5,0.7,1.0,0.3,0.0,1.1,3.9,0,0,1.8,2015,0,False,0.58
Victor Claver,POR,26,10,6,4,7.6,2.4,2.0,45.0,1.1,54.5,0.0,0.0,0.3,1.7,2.0,0.1,0.4,0.1,0.1,1.2,5.2,0,0,2.1,2015,0,False,0.6
Jeremy Evans,UTA,27,38,19,19,7.0,2.4,1.5,55.2,0.1,40.0,0.8,82.8,0.7,1.2,1.9,0.3,0.1,0.3,0.3,0.8,6.8,0,0,0.8,2015,0,False,0.5
Devyn Marble,ORL,22,16,3,13,13.0,2.3,2.8,31.8,1.4,18.2,1.0,31.3,0.3,1.6,1.9,1.1,0.6,0.6,0.1,0.9,7.7,0,0,-1.0,2015,0,False,0.19
Furkan Aldemir,PHI,23,41,9,32,13.2,2.3,1.9,51.3,0.1,0.0,0.7,48.1,1.9,2.4,4.3,0.7,0.4,0.4,0.4,2.3,10.4,1,0,-2.5,2015,0,False,0.22
Kyle Anderson,SAS,21,33,22,11,10.9,2.2,2.7,34.8,0.3,27.3,0.4,64.3,0.2,2.0,2.2,0.8,0.3,0.5,0.2,0.8,7.8,0,0,-1.1,2015,0,False,0.67
Xavier Henry,LAL,24,9,1,8,9.5,2.2,1.4,23.1,0.0,0.0,2.7,58.3,0.2,0.2,0.4,0.3,0.3,0.3,0.0,0.7,3.9,0,0,1.6,2015,0,False,0.11
Glen Rice,WAS,24,5,4,1,8.5,2.2,3.0,20.0,1.4,14.3,1.2,66.7,0.4,0.4,0.8,0.4,0.4,0.0,0.0,2.2,3.4,0,0,-4.4,2015,2,False,0.8
Darius Morris,BKN,24,38,14,24,7.9,2.2,2.8,34.0,0.9,21.2,0.2,44.4,0.2,0.5,0.7,1.3,0.6,0.2,0.0,0.5,5.1,0,0,-1.7,2015,0,False,0.37
Mike Miller,CLE,35,52,31,21,13.5,2.1,2.2,32.5,1.9,32.7,0.1,75.0,0.1,1.7,1.8,0.9,0.4,0.3,0.1,1.4,6.1,0,0,-1.4,2015,0,False,0.6
Glenn Robinson III,PHI,21,35,2,33,7.5,2.1,1.9,38.8,0.5,26.3,0.7,66.7,0.4,0.7,1.1,0.3,0.3,0.2,0.0,0.4,4.2,0,0,0.8,2015,0,False,0.06
Earl Barron,PHX,33,16,5,11,8.9,2.0,2.4,30.8,0.3,50.0,0.8,50.0,0.9,0.9,1.8,0.3,0.3,0.3,0.1,1.6,5.4,0,0,-3.6,2015,0,False,0.31
Grant Jerrett,UTA,21,8,6,2,6.4,2.0,3.3,26.9,1.9,6.7,0.1,100.0,0.3,0.9,1.1,0.4,0.4,0.3,0.3,1.4,5.0,0,0,-2.5,2015,0,False,0.75
John Salmons,NOP,35,21,9,12,12.8,2.0,2.3,33.3,1.2,30.8,0.2,50.0,0.2,0.8,1.0,0.6,0.2,0.4,0.2,1.2,5.7,0,0,-3.0,2015,0,False,0.43
Julius Randle,LAL,20,1,0,1,13.6,2.0,3.0,33.3,0.0,0.0,2.0,0.0,0.0,0.0,0.0,0.0,1.0,0.0,0.0,1.0,1.0,0,0,-18.0,2015,0,False,0.0
Nate Wolters,MIL,24,21,14,7,11.7,2.0,2.7,35.1,0.3,0.0,0.3,33.3,0.4,1.2,1.6,1.0,0.6,0.4,0.1,0.9,6.3,0,0,-0.6,2015,0,False,0.67
Tyrus Thomas,MEM,28,2,2,0,3.3,2.0,0.5,100.0,0.0,0.0,1.0,100.0,0.0,0.0,0.0,0.5,0.0,0.0,0.0,0.0,2.8,0,0,0.5,2015,0,False,1.0
C.J. Wilcox,LAC,24,21,15,6,4.8,2.0,1.8,42.1,0.9,36.8,0.1,100.0,0.0,0.3,0.3,0.4,0.5,0.1,0.0,0.3,3.0,0,0,-0.9,2015,0,False,0.71
DeJuan Blair,WAS,26,29,15,14,6.2,1.9,2.0,45.6,0.0,0.0,0.2,66.7,0.6,1.4,1.9,0.1,0.4,0.2,0.0,1.4,4.8,0,0,-2.1,2015,0,False,0.52
Reggie Bullock,PHX,24,36,19,17,9.4,1.9,1.9,34.3,1.3,32.6,0.3,66.7,0.0,1.4,1.4,0.2,0.2,0.3,0.1,0.5,4.9,0,0,-0.1,2015,0,False,0.53
Greg Smith,DAL,24,42,27,15,8.6,1.9,1.2,61.2,0.0,0.0,0.9,51.3,0.6,1.3,1.9,0.2,0.3,0.2,0.3,1.3,5.5,0,0,-0.6,2015,0,False,0.64
Ian Clark,DEN,24,30,9,21,6.4,1.9,1.8,34.5,1.0,33.3,0.3,100.0,0.1,0.4,0.5,0.4,0.3,0.3,0.1,0.7,4.0,0,0,-1.4,2015,0,False,0.3
Drew Gordon,PHI,24,9,0,9,7.9,1.9,2.1,42.1,0.3,0.0,0.2,50.0,0.8,1.2,2.0,0.2,0.9,0.1,0.0,0.8,4.1,0,0,-3.8,2015,0,False,0.0
Will Cherry,TOR,24,8,6,2,8.7,1.9,2.4,26.3,1.1,22.2,0.8,50.0,0.1,0.5,0.6,1.0,0.5,0.8,0.1,1.3,6.3,0,0,-0.9,2015,0,False,0.75
Reggie Williams,SAS,28,20,15,5,5.3,1.9,2.0,38.5,1.0,15.8,0.2,100.0,0.3,0.6,0.9,0.5,0.1,0.1,0.0,0.6,3.7,0,0,-1.8,2015,0,False,0.75
Jared Cunningham,LAC,24,19,12,7,4.7,1.8,1.7,36.4,0.7,30.8,0.7,53.8,0.1,0.4,0.5,0.5,0.4,0.2,0.0,0.6,3.3,0,0,-0.3,2015,0,False,0.63
Kenyon Martin,MIL,37,11,7,4,9.5,1.8,2.0,40.9,0.0,0.0,0.2,100.0,0.5,1.2,1.7,0.5,0.3,0.5,0.5,1.2,7.3,0,0,-0.8,2015,0,False,0.64
Steve Novak,OKC,32,35,12,23,5.6,1.8,1.6,39.3,1.4,39.6,0.1,0.0,0.1,0.6,0.6,0.3,0.1,0.0,0.1,0.7,3.1,0,0,-1.5,2015,0,False,0.34
Joel Anthony,DET,32,49,25,24,8.3,1.8,1.3,58.1,0.0,0.0,0.4,68.2,0.7,1.2,1.9,0.1,0.2,0.2,1.0,1.1,7.7,0,0,0.2,2015,0,False,0.51
Landry Fields,TOR,27,26,16,10,8.3,1.8,1.6,48.8,0.1,50.0,0.2,83.3,0.4,0.6,1.0,0.6,0.3,0.4,0.0,0.3,4.8,0,0,-3.0,2015,0,False,0.62
Zoran Dragic,MIA,26,16,6,10,4.7,1.8,1.9,36.7,0.9,21.4,0.3,60.0,0.3,0.2,0.5,0.3,0.3,0.1,0.0,0.4,2.9,0,0,-0.9,2015,0,False,0.38
Chuck Hayes,TOR,32,29,17,12,8.8,1.7,1.6,47.8,0.0,0.0,0.4,54.5,0.6,1.1,1.8,0.7,0.3,0.3,0.1,1.3,6.0,0,0,1.3,2015,0,False,0.59
Jack Cooley,UTA,24,16,10,6,5.4,1.7,1.4,40.9,0.0,0.0,1.3,42.9,0.6,0.9,1.6,0.1,0.2,0.4,0.2,1.4,5.2,0,0,-0.3,2015,0,False,0.62
Miroslav Raduljica,MIN,27,5,0,5,4.6,1.6,1.6,37.5,0.0,0.0,0.4,100.0,0.4,0.6,1.0,0.0,0.4,0.2,0.0,1.6,3.0,0,0,-0.6,2015,0,False,0.0
Brendan Haywood,CLE,35,22,14,8,5.4,1.6,1.4,46.7,0.0,0.0,0.6,53.8,0.3,1.0,1.3,0.1,0.5,0.1,0.5,0.8,4.5,0,0,-2.3,2015,0,False,0.64
Chris Douglas-Roberts,LAC,28,12,5,7,8.5,1.6,1.8,23.8,0.6,14.3,0.7,100.0,0.1,0.9,1.0,0.3,0.0,0.1,0.0,1.2,3.5,0,0,-1.3,2015,0,False,0.42
Cartier Martin,DET,30,23,7,16,8.6,1.6,2.3,28.3,1.4,18.2,0.0,0.0,0.0,0.9,0.9,0.5,0.2,0.1,0.0,0.9,3.6,0,0,0.9,2015,0,False,0.3
Gal Mekel,DAL,27,4,2,2,10.9,1.5,5.0,15.0,0.8,0.0,0.0,0.0,0.0,0.3,0.3,3.3,0.5,0.5,0.0,0.3,7.7,0,0,0.5,2015,0,False,0.5
Jerel McNeal,PHX,28,6,1,5,6.1,1.5,1.8,27.3,0.3,50.0,0.3,100.0,0.0,0.5,0.5,0.3,0.8,0.5,0.2,0.8,3.8,0,0,-0.5,2015,0,False,0.17
Patrick Christopher,MEM,27,4,2,2,7.2,1.5,3.0,25.0,1.0,0.0,0.0,0.0,0.5,1.0,1.5,0.0,0.3,0.3,0.0,1.5,3.8,0,0,-4.5,2015,0,False,0.5
Bruno Caboclo,TOR,19,8,7,1,2.9,1.3,1.5,33.3,0.4,66.7,0.0,0.0,0.1,0.1,0.3,0.0,0.5,0.0,0.1,0.4,1.4,0,0,-3.4,2015,0,False,0.88
Ognjen Kuzmic,GSW,25,16,13,3,4.5,1.3,0.8,66.7,0.0,0.0,0.3,100.0,0.4,0.6,1.1,0.4,0.3,0.1,0.1,0.8,3.3,0,0,-2.4,2015,0,False,0.81
Toure' Murry,UTA,25,5,3,2,3.6,1.2,1.0,40.0,0.0,0.0,0.4,100.0,0.2,0.0,0.2,0.2,0.8,0.2,0.0,0.4,1.5,0,0,0.0,2015,0,False,0.6
Nazr Mohammed,CHI,37,23,13,10,5.6,1.2,1.3,43.3,0.0,0.0,0.1,33.3,0.5,1.2,1.7,0.1,0.3,0.2,0.2,0.7,4.2,0,0,0.4,2015,0,False,0.57
Shavlik Randolph,PHX,31,21,11,10,6.0,1.1,1.7,25.7,0.2,0.0,0.6,50.0,0.8,1.0,1.8,0.2,0.1,0.2,0.1,0.8,4.6,0,0,-1.1,2015,0,False,0.52
Gerald Wallace,BOS,32,32,15,17,8.9,1.1,1.1,41.2,0.1,33.3,0.5,40.0,0.5,1.3,1.8,0.3,0.6,0.5,0.1,0.6,5.0,0,0,0.9,2015,0,False,0.47
Jamaal Franklin,DEN,23,3,1,2,4.4,1.0,0.7,50.0,0.7,50.0,0.0,0.0,0.3,0.3,0.7,1.0,1.0,0.0,0.3,1.3,3.3,0,0,-3.0,2015,0,False,0.33
Lucas Nogueira,TOR,22,6,3,3,3.8,1.0,1.3,25.0,0.0,0.0,0.7,50.0,0.3,1.5,1.8,0.2,0.3,0.3,0.0,1.0,4.1,0,0,-1.8,2015,0,False,0.5
Brandon Rush,GSW,29,33,27,6,8.2,0.9,1.6,20.4,0.8,11.1,0.3,45.5,0.1,1.1,1.2,0.4,0.3,0.2,0.4,0.8,4.2,0,0,-3.8,2015,0,False,0.82
Ekpe Udoh,LAC,28,33,24,9,3.9,0.9,0.7,45.8,0.0,0.0,0.3,77.8,0.2,0.6,0.8,0.2,0.2,0.2,0.2,0.6,3.3,0,0,-0.3,2015,0,False,0.73
Greg Stiemsma,TOR,29,17,13,4,3.9,0.8,0.5,75.0,0.0,0.0,0.2,50.0,0.5,0.4,0.9,0.2,0.4,0.1,0.0,0.9,2.1,0,0,-1.6,2015,0,False,0.76
Alex Kirk,CLE,23,5,2,3,2.8,0.8,0.8,25.0,0.0,0.0,0.4,100.0,0.2,0.0,0.2,0.2,0.0,0.0,0.0,0.2,1.3,0,0,-2.8,2015,0,False,0.4
Andre Dawkins,MIA,23,4,2,2,5.4,0.8,1.5,16.7,1.5,16.7,0.0,0.0,0.0,0.5,0.5,0.3,0.3,0.0,0.0,0.8,1.5,0,0,-1.0,2015,0,False,0.5
Eric Moreland,SAC,23,3,0,3,0.7,0.7,0.3,100.0,0.0,0.0,0.0,0.0,0.0,0.3,0.3,0.0,0.0,0.0,0.0,0.3,1.1,0,0,0.3,2015,0,False,0.0
Sim Bhullar,SAC,22,3,1,2,0.9,0.7,0.7,50.0,0.0,0.0,0.0,0.0,0.0,0.3,0.3,0.3,0.0,0.0,0.3,0.0,2.6,0,0,0.3,2015,0,False,0.33
Dahntay Jones,LAC,34,33,23,10,3.7,0.6,0.6,28.6,0.1,0.0,0.3,81.8,0.0,0.3,0.3,0.1,0.0,0.1,0.0,0.7,1.4,0,0,-2.4,2015,0,False,0.7
Cameron Bairstow,CHI,24,18,12,6,3.5,0.6,0.8,21.4,0.0,0.0,0.3,80.0,0.3,0.1,0.4,0.1,0.2,0.1,0.1,0.4,1.5,0,0,-1.1,2015,0,False,0.67
Andrei Kirilenko,BKN,34,7,3,4,5.2,0.4,0.7,0.0,0.0,0.0,0.6,75.0,0.3,0.9,1.1,0.1,0.1,0.1,0.0,0.1,2.3,0,0,-4.1,2015,0,False,0.43
Darius Miller,NOP,25,5,1,4,8.7,0.4,1.4,14.3,0.2,0.0,0.0,0.0,0.0,0.2,0.2,0.4,0.2,0.2,0.0,1.6,1.6,0,0,-2.4,2015,0,False,0.2
David Wear,SAC,24,2,0,2,3.5,0.0,1.0,0.0,0.5,0.0,0.0,0.0,1.0,0.0,1.0,0.5,0.0,0.0,0.0,0.5,2.0,0,0,-4.5,2015,0,False,0.0
Jerrelle Benimon,DEN,23,2,2,0,1.4,0.0,0.0,0.0,0.0,0.0,0.0,0.0,0.5,1.0,1.5,0.0,0.5,0.0,0.0,0.0,1.3,0,0,3.0,2015,0,False,1.0
Kalin Lucas,MEM,26,1,0,1,5.5,0.0,1.0,0.0,0.0,0.0,0.0,0.0,0.0,0.0,0.0,0.0,0.0,1.0,0.0,1.0,3.0,0,0,-7.0,2015,0,False,0.0
Malcolm Lee,PHI,25,1,0,1,2.0,0.0,1.0,0.0,0.0,0.0,0.0,0.0,0.0,0.0,0.0,0.0,0.0,0.0,0.0,0.0,0.0,0,0,3.0,2015,0,False,0.0
Ronny Turiaf,MIN,32,2,0,2,9.7,0.0,0.0,0.0,0.0,0.0,0.0,0.0,0.0,0.5,0.5,1.0,0.0,0.0,0.0,0.0,2.1,0,0,-4.0,2015,0,False,0.0
Seth Curry,PHX,24,2,2,0,3.9,0.0,1.5,0.0,0.5,0.0,0.0,0.0,0.0,1.0,1.0,0.5,0.0,0.0,0.0,1.0,2.0,0,0,-2.0,2015,0,False,1.0
