date,sum,oil_sc,steel_sc,CPI_sc,CPIT_sc,economicgrowth_sc,gdp_sc,incomeaverage_sc,covid_sc,industry_sc,stock_sc,last_sell,恐慌_last_month,塞港_last_month,diff,oil_sc_last_month,steel_sc_last_month,CPI_sc_last_month,economicgrowth_sc_last_month,gdp_sc_last_month,incomeaverage_sc_last_month,covid_sc_last_month,industry_sc_last_month,stock_sc_last_month,CPIT_sc_last_month
2012-02-01,21369.0,1.9191450405147321,0.4564386623948787,-2.2055869344604027,0.8617515041124784,0.8617515041124784,7.681145747739722,-1.5971934489416393,-0.15947921846334845,-1.537101769643241,-0.8401441943149122,40134,0.0,0.0,-18765.0,1.457633653576615,0.4564386623948787,-1.6837475118893652,0.8393164040027461,7.681145747739722,-1.5971934489416393,-0.15947921846334845,-1.9755503666575056,-1.0522249964282349,0.8393164040027461
2012-03-01,32029.0,1.9371458995903266,0.4564386623948787,-2.2055869344604027,0.8617515041124784,0.8617515041124784,-0.13019719989401024,-1.5971934489416393,-0.15947921846334845,-1.537101769643241,-0.8401441943149122,21369,0.0,0.0,10660.0,1.9191450405147321,0.4564386623948787,-2.2055869344604027,0.8617515041124784,7.681145747739722,-1.5971934489416393,-0.15947921846334845,-1.537101769643241,-0.8401441943149122,0.8617515041124784
2012-04-01,27782.0,1.779734131929276,0.6287208942974972,-1.79789988557678,1.5095650197810135,1.5095650197810135,-0.13019280589072996,-1.758702391706488,-0.15947921846334845,-1.0042850971126622,-1.0576150968989155,32029,0.0,0.0,-4247.0,1.9371458995903266,0.4564386623948787,-2.2055869344604027,0.8617515041124784,-0.13019719989401024,-1.5971934489416393,-0.15947921846334845,-1.537101769643241,-0.8401441943149122,0.8617515041124784
2012-05-01,30129.0,1.1175323161483601,0.6287208942974972,-1.6022101021126454,1.2263218808956355,1.2263218808956355,-0.13019280589072996,-1.758702391706488,-0.15947921846334845,-0.7821571655127202,-1.1278758987374382,27782,0.0,0.0,2347.0,1.779734131929276,0.6287208942974972,-1.79789988557678,1.5095650197810135,-0.13019280589072996,-1.758702391706488,-0.15947921846334845,-1.0042850971126622,-1.0576150968989155,1.5095650197810135
2012-06-01,29362.0,0.9022880012444416,0.6287208942974972,-1.3494441318047974,0.8897953792496428,0.8897953792496428,-0.13019280589072996,-1.758702391706488,-0.15947921846334845,-1.1618071923975875,-1.1297076906942713,30129,0.0,0.0,-767.0,1.1175323161483601,0.6287208942974972,-1.6022101021126454,1.2263218808956355,-0.13019280589072996,-1.758702391706488,-0.15947921846334845,-0.7821571655127202,-1.1278758987374382,1.2263218808956355
2012-07-01,39846.0,1.2554112367273822,0.11187419858964162,-1.1985999237178553,0.9935577172571582,0.9935577172571582,-0.13019155983009822,-1.4447185023249383,-0.15947921846334845,-0.8395039190957111,-1.138757865898624,29362,0.0,0.0,10484.0,0.9022880012444416,0.6287208942974972,-1.3494441318047974,0.8897953792496428,-0.13019280589072996,-1.758702391706488,-0.15947921846334845,-1.1618071923975875,-1.1297076906942713,0.8897953792496428
2012-08-01,24935.0,1.604704502194239,0.11187419858964162,-0.8112972272784127,1.4955430822124314,1.4955430822124314,-0.13019155983009822,-1.4447185023249383,-0.15947921846334845,-0.77925353241991,-1.0943421747154163,39846,0.0,0.0,-14911.0,1.2554112367273822,0.11187419858964162,-1.1985999237178553,0.9935577172571582,-0.13019155983009822,-1.4447185023249383,-0.15947921846334845,-0.8395039190957111,-1.138757865898624,0.9935577172571582
2012-09-01,21020.0,1.498231335747105,0.11187419858964162,-0.9417570829211749,1.6301536828708254,1.6301536828708254,-0.13019155983009822,-1.4447185023249383,-0.15947921846334845,-1.0529209514172237,-0.982715159108414,24935,0.0,0.0,-3915.0,1.604704502194239,0.11187419858964162,-0.8112972272784127,1.4955430822124314,-0.13019155983009822,-1.4447185023249383,-0.15947921846334845,-0.77925353241991,-1.0943421747154163,1.4955430822124314
2012-10-01,27062.0,1.4028650823466147,-0.30160315797664283,-0.9702951763430256,1.6273492953571114,1.6273492953571114,-0.1301870128018281,-1.407006820729764,-0.15947921846334845,-0.8750734244826306,-1.175407741755258,21020,0.0,0.0,6042.0,1.498231335747105,0.11187419858964162,-0.9417570829211749,1.6301536828708254,-0.13019155983009822,-1.4447185023249383,-0.15947921846334845,-1.0529209514172237,-0.982715159108414,1.6301536828708254
2012-11-01,27615.0,1.4679745726200422,-0.30160315797664283,-1.27198359251691,1.4450641069655308,1.4450641069655308,-0.1301870128018281,-1.407006820729764,-0.15947921846334845,-1.001381464019852,-1.0300855798465127,27062,0.0,0.0,553.0,1.4028650823466147,-0.30160315797664283,-0.9702951763430256,1.6273492953571114,-0.1301870128018281,-1.407006820729764,-0.15947921846334845,-0.8750734244826306,-1.175407741755258,1.6273492953571114
2012-12-01,33309.0,1.4564846625717898,-0.30160315797664283,-1.174138700784837,1.4534772695066809,1.4534772695066809,-0.1301870128018281,-1.407006820729764,-0.15947921846334845,-1.1327708614694911,-0.9882105349789126,27615,0.0,0.0,5694.0,1.4679745726200422,-0.30160315797664283,-1.27198359251691,1.4450641069655308,-0.1301870128018281,-1.407006820729764,-0.15947921846334845,-1.001381464019852,-1.0300855798465127,1.4450641069655308
2013-01-01,41924.0,1.6491321543808128,-0.060408033312976894,-1.2434454990950534,1.532000119890746,1.532000119890746,-0.13019252170146306,-1.3014876447900627,-0.15947921846334845,-1.1327708614694911,-0.9353903577102359,33309,0.0,0.0,8615.0,1.4564846625717898,-0.30160315797664283,-1.174138700784837,1.4534772695066809,-0.1301870128018281,-1.407006820729764,-0.15947921846334845,-1.1327708614694911,-0.9882105349789126,1.4534772695066809
2013-02-01,19809.0,1.460314632587874,-0.060408033312976894,-1.0559094566085896,1.9105924342424854,1.9105924342424854,-0.13019252170146306,-1.3014876447900627,-0.15947921846334845,-2.05467436843657,-0.9185603304593346,41924,0.0,0.0,-22115.0,1.6491321543808128,-0.060408033312976894,-1.2434454990950534,1.532000119890746,-0.13019252170146306,-1.3014876447900627,-0.15947921846334845,-1.1327708614694911,-0.9353903577102359,1.532000119890746
2013-03-01,26692.0,1.3833322352645865,-0.060408033312976894,-1.630748195534496,1.5628483825416284,1.5628483825416284,-0.13019252170146306,-1.3014876447900627,-0.15947921846334845,-0.8003048723427808,-0.9113208921318512,19809,0.0,0.0,6883.0,1.460314632587874,-0.060408033312976894,-1.0559094566085896,1.9105924342424854,-0.13019252170146306,-1.3014876447900627,-0.15947921846334845,-2.05467436843657,-0.9185603304593346,1.9105924342424854
2013-04-01,28122.0,1.1240432651757029,-0.004588590176528492,-1.3861359662043249,1.394585131718634,1.394585131718634,-0.13018863049457804,-1.4436155144231295,-0.15947921846334845,-0.9454865269832656,-0.8498926963380573,26692,0.0,0.0,1430.0,1.3833322352645865,-0.060408033312976894,-1.630748195534496,1.5628483825416284,-0.13019252170146306,-1.3014876447900627,-0.15947921846334845,-0.8003048723427808,-0.9113208921318512,1.5628483825416284
2013-05-01,29951.0,1.0650617269280096,-0.004588590176528492,-1.31275229740527,1.2683876936013863,1.2683876936013863,-0.13018863049457804,-1.4436155144231295,-0.15947921846334845,-0.6130205378565554,-0.7933457699158244,28122,0.0,0.0,1829.0,1.1240432651757029,-0.004588590176528492,-1.3861359662043249,1.394585131718634,-0.13018863049457804,-1.4436155144231295,-0.15947921846334845,-0.9454865269832656,-0.8498926963380573,1.394585131718634
2013-06-01,31927.0,1.1382141542352135,-0.004588590176528492,-1.1129856434522971,1.2711920811151003,1.2711920811151003,-0.13018863049457804,-1.4436155144231295,-0.15947921846334845,-0.8540220845597598,-0.860929067418976,29951,0.0,0.0,1976.0,1.0650617269280096,-0.004588590176528492,-1.31275229740527,1.2683876936013863,-0.13018863049457804,-1.4436155144231295,-0.15947921846334845,-0.6130205378565554,-0.7933457699158244,1.2683876936013863
2013-07-01,39263.0,1.3473305171133974,-0.20064577008170836,-1.174138700784837,1.184256068189889,1.184256068189889,-0.13019175657651377,-1.0522123789812916,-0.15947921846334845,-0.4801793238605109,-0.8448815873067214,31927,0.0,0.0,7336.0,1.1382141542352135,-0.004588590176528492,-1.1129856434522971,1.2711920811151003,-0.13018863049457804,-1.4436155144231295,-0.15947921846334845,-0.8540220845597598,-0.860929067418976,1.2711920811151003
2013-08-01,20758.0,1.612364442226407,-0.20064577008170836,-1.1252162549188063,1.3104535063071328,1.3104535063071328,-0.13019175657651377,-1.0522123789812916,-0.15947921846334845,-0.6173759874957692,-0.8750780811545129,39263,0.0,0.0,-18505.0,1.3473305171133974,-0.20064577008170836,-1.174138700784837,1.184256068189889,-0.13019175657651377,-1.0522123789812916,-0.15947921846334845,-0.4801793238605109,-0.8448815873067214,1.184256068189889
2013-09-01,28354.0,1.3676293581986423,-0.20064577008170836,-0.6033768323477688,1.4450641069655308,1.4450641069655308,-0.13019175657651377,-1.0522123789812916,-0.15947921846334845,-0.9113688381427518,-0.8217455636067224,20758,0.0,0.0,7596.0,1.612364442226407,-0.20064577008170836,-1.1252162549188063,1.3104535063071328,-0.13019175657651377,-1.0522123789812916,-0.15947921846334845,-0.6173759874957692,-0.8750780811545129,1.3104535063071328
2013-10-01,31381.0,1.3622674001761248,-0.20064577008170836,-0.7134523355463454,1.2543657560328039,1.2543657560328039,-0.1301858323233349,-0.9303584774481375,-0.15947921846334845,-0.7342472194813594,-0.7248255213542923,28354,0.0,0.0,3027.0,1.3676293581986423,-0.20064577008170836,-0.6033768323477688,1.4450641069655308,-0.13019175657651377,-1.0522123789812916,-0.15947921846334845,-0.9113688381427518,-0.8217455636067224,1.4450641069655308
2013-11-01,33752.0,1.4434627645171048,-0.20064577008170836,-1.0029101402537148,1.1477990305115704,1.1477990305115704,-0.1301858323233349,-0.9303584774481375,-0.15947921846334845,-0.890317498219881,-0.7399957064680638,31381,0.0,0.0,2371.0,1.3622674001761248,-0.20064577008170836,-0.7134523355463454,1.2543657560328039,-0.1301858323233349,-0.9303584774481375,-0.15947921846334845,-0.7342472194813594,-0.7248255213542923,1.2543657560328039
2013-12-01,37968.0,1.454569677563748,-0.20064577008170836,-1.0396019746532421,1.2319306559230716,1.2319306559230716,-0.1301858323233349,-0.9303584774481375,-0.15947921846334845,-0.6573009425219033,-0.668169810352247,33752,0.0,0.0,4216.0,1.4434627645171048,-0.20064577008170836,-1.0029101402537148,1.1477990305115704,-0.1301858323233349,-0.9303584774481375,-0.15947921846334845,-0.890317498219881,-0.7399957064680638,1.1477990305115704
2014-01-01,43607.0,1.3289466610361942,-0.20064577008170836,-0.9172958599881565,1.2571701435465181,1.2571701435465181,-0.13018696908040242,-0.8340308673568424,-0.15947921846334845,-0.94403471043686,-0.7204355371818824,37968,0.0,0.0,5639.0,1.454569677563748,-0.20064577008170836,-1.0396019746532421,1.2319306559230716,-0.1301858323233349,-0.9303584774481375,-0.15947921846334845,-0.6573009425219033,-0.668169810352247,1.2319306559230716
2014-02-01,20244.0,1.3925241633031882,-0.20064577008170836,-1.0722169385639313,1.2571701435465181,1.2571701435465181,-0.13018696908040242,-0.8340308673568424,-0.15947921846334845,-1.6401807444379852,-0.6583195421092778,43607,0.0,0.0,-23363.0,1.3289466610361942,-0.20064577008170836,-0.9172958599881565,1.2571701435465181,-0.13018696908040242,-0.8340308673568424,-0.15947921846334845,-0.94403471043686,-0.7204355371818824,1.2571701435465181
2014-03-01,33539.0,1.3166907569847257,-0.20064577008170836,-0.9988332697648823,1.2936271812248366,1.2936271812248366,-0.13018696908040242,-0.8340308673568424,-0.15947921846334845,-0.5781769407428388,-0.5847320376365066,20244,0.0,0.0,13295.0,1.3925241633031882,-0.20064577008170836,-1.0722169385639313,1.2571701435465181,-0.13018696908040242,-0.8340308673568424,-0.15947921846334845,-1.6401807444379852,-0.6583195421092778,1.2571701435465181
2014-04-01,33500.0,1.3668633641954258,-0.17376974190489988,-0.7297598175016927,1.2207131058682035,1.2207131058682035,-0.13018408346630791,-0.8138619457237687,-0.15947921846334845,-0.6355236943258298,-0.605029134721414,33539,0.0,0.0,-39.0,1.3166907569847257,-0.20064577008170836,-0.9988332697648823,1.2936271812248366,-0.13018696908040242,-0.8340308673568424,-0.15947921846334845,-0.5781769407428388,-0.5847320376365066,1.2936271812248366
2014-05-01,35338.0,1.40401407335144,-0.17376974190489988,-0.6686067601691471,1.2319306559230716,1.2319306559230716,-0.13018408346630791,-0.8138619457237687,-0.15947921846334845,-0.33717539403963337,-0.5052034914340078,33500,0.0,0.0,1838.0,1.3668633641954258,-0.17376974190489988,-0.7297598175016927,1.2207131058682035,-0.13018408346630791,-0.8138619457237687,-0.15947921846334845,-0.6355236943258298,-0.605029134721414,1.2207131058682035
2014-06-01,39597.0,1.5005293177567556,-0.17376974190489988,-0.46068636523849743,1.327279831389433,1.327279831389433,-0.13018408346630791,-0.8138619457237687,-0.15947921846334845,-0.36621172496773075,-0.39390633874643505,35338,0.0,0.0,4259.0,1.40401407335144,-0.17376974190489988,-0.6686067601691471,1.2319306559230716,-0.13018408346630791,-0.8138619457237687,-0.15947921846334845,-0.33717539403963337,-0.5052034914340078,1.2319306559230716
2014-07-01,44325.0,1.250815272708082,-0.17376974190489988,-0.4729169767050066,1.3777588066363338,1.3777588066363338,-0.13018382113775387,-0.5090170989572056,-0.15947921846334845,-0.0816556818723803,-0.4210042266595839,39597,0.0,0.0,4728.0,1.5005293177567556,-0.17376974190489988,-0.46068636523849743,1.327279831389433,-0.13018408346630791,-0.8138619457237687,-0.15947921846334845,-0.36621172496773075,-0.39390633874643505,1.327279831389433
2014-08-01,22555.0,1.1389801482384303,-0.17376974190489988,-0.2976115456850519,1.2936271812248366,1.2936271812248366,-0.13018382113775387,-0.5090170989572056,-0.15947921846334845,-0.09472203079002443,-0.3787466811726451,44325,0.0,0.0,-21770.0,1.250815272708082,-0.17376974190489988,-0.4729169767050066,1.3777588066363338,-0.13018382113775387,-0.5090170989572056,-0.15947921846334845,-0.0816556818723803,-0.4210042266595839,1.3777588066363338
2014-09-01,33918.0,0.8490514180208746,-0.17376974190489988,-0.31799589812923185,1.0356235299629089,1.0356235299629089,-0.13018382113775387,-0.5090170989572056,-0.15947921846334845,-0.20506008831679265,-0.5434500441878813,22555,0.0,0.0,11363.0,1.1389801482384303,-0.17376974190489988,-0.2976115456850519,1.2936271812248366,-0.13018382113775387,-0.5090170989572056,-0.15947921846334845,-0.09472203079002443,-0.3787466811726451,1.2936271812248366
2014-10-01,33485.0,0.4809912994752066,-0.47043974524120896,-0.28945780470737525,0.7327496784815165,0.7327496784815165,-0.130182728102112,-0.36132176658167575,-0.15947921846334845,0.0076310357315181754,-0.5406988470726379,33918,0.0,0.0,-433.0,0.8490514180208746,-0.17376974190489988,-0.31799589812923185,1.0356235299629089,-0.13018382113775387,-0.5090170989572056,-0.15947921846334845,-0.20506008831679265,-0.5434500441878813,1.0356235299629089
2014-11-01,33282.0,-0.0613324548022813,-0.47043974524120896,-0.6604530191914763,0.36817930169835533,0.36817930169835533,-0.130182728102112,-0.36132176658167575,-0.15947921846334845,-0.29144317282788096,-0.46616737318149937,33485,0.0,0.0,-203.0,0.4809912994752066,-0.47043974524120896,-0.28945780470737525,0.7327496784815165,-0.130182728102112,-0.36132176658167575,-0.15947921846334845,0.0076310357315181754,-0.5406988470726379,0.7327496784815165
2014-12-01,40924.0,-0.6266360291762729,-0.47043974524120896,-0.7990666158119035,-0.26280788888787965,-0.26280788888787965,-0.130182728102112,-0.36132176658167575,-0.15947921846334845,-0.02140529519657921,-0.42401861227437226,33282,0.0,0.0,7642.0,-0.0613324548022813,-0.47043974524120896,-0.6604530191914763,0.36817930169835533,-0.130182728102112,-0.36132176658167575,-0.15947921846334845,-0.29144317282788096,-0.46616737318149937,0.36817930169835533
2015-01-01,47279.0,-0.7499610636941763,-0.8025998883494575,-1.29236794496109,-0.9078170170426969,-0.9078170170426969,-0.13017859642738577,-0.10469324809417972,-0.15947921846334845,-0.20578599658999544,-0.4048409436075296,40924,0.0,0.0,6355.0,-0.6266360291762729,-0.47043974524120896,-0.7990666158119035,-0.26280788888787965,-0.130182728102112,-0.36132176658167575,-0.15947921846334845,-0.02140529519657921,-0.42401861227437226,-0.26280788888787965
2015-02-01,24302.0,-0.3826669391517251,-0.8025998883494575,-1.153754348340657,-0.7199230536236841,-0.7199230536236841,-0.13017859642738577,-0.10469324809417972,-0.15947921846334845,-1.442733694126926,-0.31353558934539183,47279,0.0,0.0,-22977.0,-0.7499610636941763,-0.8025998883494575,-1.29236794496109,-0.9078170170426969,-0.13017859642738577,-0.10469324809417972,-0.15947921846334845,-0.20578599658999544,-0.4048409436075296,-0.9078170170426969
2015-03-01,33093.0,-0.6687656993531965,-0.8025998883494575,-1.2434454990950534,-0.6414002032396191,-0.6414002032396191,-0.13017859642738577,-0.10469324809417972,-0.15947921846334845,-0.026486653108995686,-0.3260493252037562,24302,0.0,0.0,8791.0,-0.3826669391517251,-0.8025998883494575,-1.153754348340657,-0.7199230536236841,-0.13017859642738577,-0.10469324809417972,-0.15947921846334845,-1.442733694126926,-0.31353558934539183,-0.7199230536236841
2015-04-01,33793.0,-0.27312979669172405,-1.4748451572334749,-1.0599863270974221,-0.5909212279927183,-0.5909212279927183,-0.13018795281248008,-0.5670027486522927,-0.15947921846334845,-0.4162993958186979,-0.24407137136549237,33093,0.0,0.0,700.0,-0.6687656993531965,-0.8025998883494575,-1.2434454990950534,-0.6414002032396191,-0.13017859642738577,-0.10469324809417972,-0.15947921846334845,-0.026486653108995686,-0.3260493252037562,-0.6414002032396191
2015-05-01,33606.0,-0.39990180422410276,-1.4748451572334749,-0.9621414353653549,-0.2571991138604436,-0.2571991138604436,-0.13018795281248008,-0.5670027486522927,-0.15947921846334845,-0.3560490091428968,-0.2858235949333047,33793,0.0,0.0,-187.0,-0.27312979669172405,-1.4748451572334749,-1.0599863270974221,-0.5909212279927183,-0.13018795281248008,-0.5670027486522927,-0.15947921846334845,-0.4162993958186979,-0.24407137136549237,-0.5909212279927183
2015-06-01,40373.0,-0.4029657802369701,-1.4748451572334749,-0.688991112613327,-0.3301131892170766,-0.3301131892170766,-0.13018795281248008,-0.5670027486522927,-0.15947921846334845,-0.3509676512304803,-0.4184881446039341,33606,0.0,0.0,6767.0,-0.39990180422410276,-1.4748451572334749,-0.9621414353653549,-0.2571991138604436,-0.13018795281248008,-0.5670027486522927,-0.15947921846334845,-0.3560490091428968,-0.2858235949333047,-0.2571991138604436
2015-07-01,45957.0,-0.7220022825767635,-1.8786747088132127,-0.7297598175016927,-0.44789746479317427,-0.44789746479317427,-0.1301905979587334,-0.42434964668503133,-0.15947921846334845,-0.2987022555599048,-0.6492798944449067,40373,0.0,0.0,5584.0,-0.4029657802369701,-1.4748451572334749,-0.688991112613327,-0.3301131892170766,-0.13018795281248008,-0.5670027486522927,-0.15947921846334845,-0.3509676512304803,-0.4184881446039341,-0.3301131892170766
2015-08-01,22177.0,-0.9100538103664856,-1.8786747088132127,-0.4769938471938449,-0.7675976413568668,-0.7675976413568668,-0.1301905979587334,-0.42434964668503133,-0.15947921846334845,-0.604309638578126,-0.8213770997073593,45957,0.0,0.0,-23780.0,-0.7220022825767635,-1.8786747088132127,-0.7297598175016927,-0.44789746479317427,-0.1301905979587334,-0.42434964668503133,-0.15947921846334845,-0.2987022555599048,-0.6492798944449067,-0.44789746479317427
2015-09-01,24226.0,-0.9368636004790734,-1.8786747088132127,-0.19976665395297877,-0.9779267048856118,-0.9779267048856118,-0.1301905979587334,-0.42434964668503133,-0.15947921846334845,-0.6333459695062235,-0.8191592979511939,22177,0.0,0.0,2049.0,-0.9100538103664856,-1.8786747088132127,-0.4769938471938449,-0.7675976413568668,-0.1301905979587334,-0.42434964668503133,-0.15947921846334845,-0.604309638578126,-0.8213770997073593,-0.7675976413568668
2015-10-01,31060.0,-0.9092878163632689,-1.9069289948452421,-0.16307481955345715,-0.8264897791449137,-0.8264897791449137,-0.1301931338014225,-0.05117207323974697,-0.15947921846334845,-0.5317188112578836,-0.6882423199175429,24226,0.0,0.0,6834.0,-0.9368636004790734,-1.8786747088132127,-0.19976665395297877,-0.9779267048856118,-0.1301905979587334,-0.42434964668503133,-0.15947921846334845,-0.6333459695062235,-0.8191592979511939,-0.9779267048856118
2015-11-01,33950.0,-1.0261019018538293,-1.9069289948452421,-0.4443788832831558,-1.0788846553794094,-1.0788846553794094,-0.1301931338014225,-0.05117207323974697,-0.15947921846334845,-0.8598293507453791,-0.7702518563757521,31060,0.0,0.0,2890.0,-0.9092878163632689,-1.9069289948452421,-0.16307481955345715,-0.8264897791449137,-0.1301931338014225,-0.05117207323974697,-0.15947921846334845,-0.5317188112578836,-0.6882423199175429,-0.8264897791449137
2015-12-01,40896.0,-1.4102478944670502,-1.9069289948452421,-0.7460672994570344,-1.4013892194568158,-1.4013892194568158,-0.1301931338014225,-0.05117207323974697,-0.15947921846334845,-0.5694660414644094,-0.7641283372863398,33950,0.0,0.0,6946.0,-1.0261019018538293,-1.9069289948452421,-0.4443788832831558,-1.0788846553794094,-0.1301931338014225,-0.05117207323974697,-0.15947921846334845,-0.8598293507453791,-0.7702518563757521,-1.0788846553794094
2016-01-01,46830.0,-1.5075291328755824,-1.9978940132898249,-0.9702951763430256,-1.7407201086165267,-1.7407201086165267,-0.13019317752284817,-0.05096198030606912,-0.15947921846334845,-0.863458892111391,-0.8318028734693337,40896,0.0,0.0,5934.0,-1.4102478944670502,-1.9069289948452421,-0.7460672994570344,-1.4013892194568158,-0.1301931338014225,-0.05117207323974697,-0.15947921846334845,-0.5694660414644094,-0.7641283372863398,-1.4013892194568158
2016-02-01,21143.0,-1.402587954434882,-1.9978940132898249,-0.19568978346414626,-1.6565884832050295,-1.6565884832050295,-0.13019317752284817,-0.05096198030606912,-0.15947921846334845,-1.9247367875333357,-0.7384762315306909,46830,0.0,0.0,-25687.0,-1.5075291328755824,-1.9978940132898249,-0.9702951763430256,-1.7407201086165267,-0.13019317752284817,-0.05096198030606912,-0.15947921846334845,-0.863458892111391,-0.8318028734693337,-1.7407201086165267
2016-03-01,36750.0,-1.2964977849893566,-1.9978940132898249,-0.4443788832831558,-1.3845628943745196,-1.3845628943745196,-0.13019317752284817,-0.05096198030606912,-0.15947921846334845,-0.36621172496773075,-0.621385422673135,21143,0.0,0.0,15607.0,-1.402587954434882,-1.9978940132898249,-0.19568978346414626,-1.6565884832050295,-0.13019317752284817,-0.05096198030606912,-0.15947921846334845,-1.9247367875333357,-0.7384762315306909,-1.6565884832050295
2016-04-01,34227.0,-1.0008240997476754,-1.3869812189631394,-0.31391902764039353,-1.272387393825854,-1.272387393825854,-0.13019317752284817,-0.31609926260751814,-0.15947921846334845,-0.8235339370852579,-0.7501477641905114,36750,0.0,0.0,-2523.0,-1.2964977849893566,-1.9978940132898249,-0.4443788832831558,-1.3845628943745196,-0.13019317752284817,-0.05096198030606912,-0.15947921846334845,-0.36621172496773075,-0.621385422673135,-1.3845628943745196
2016-05-01,37005.0,-0.928820663445297,-1.3869812189631394,-0.46884010621617406,-0.9022082420152647,-0.9022082420152647,-0.13019317752284817,-0.31609926260751814,-0.15947921846334845,-0.3509676512304803,-0.6948115048661849,34227,0.0,0.0,2778.0,-1.0008240997476754,-1.3869812189631394,-0.31391902764039353,-1.272387393825854,-0.13019317752284817,-0.31609926260751814,-0.15947921846334845,-0.8235339370852579,-0.7501477641905114,-1.272387393825854
2016-06-01,41990.0,-0.924990693429213,-1.3869812189631394,-0.3261496391069027,-0.7479669287608486,-0.7479669287608486,-0.13019317752284817,-0.31609926260751814,-0.15947921846334845,-0.23554823579129458,-0.6488447561256592,37005,0.0,0.0,4985.0,-0.928820663445297,-1.3869812189631394,-0.46884010621617406,-0.9022082420152647,-0.13019317752284817,-0.31609926260751814,-0.15947921846334845,-0.3509676512304803,-0.6948115048661849,-0.9022082420152647
2016-07-01,44309.0,-1.2087914716210342,-1.0079603087773787,-0.23238161786366787,-0.8124678415763315,-0.8124678415763315,-0.13019302449785833,-0.20280664812173654,-0.15947921846334845,-0.2348223275180918,-0.5373124883784929,41990,0.0,0.0,2319.0,-0.924990693429213,-1.3869812189631394,-0.3261496391069027,-0.7479669287608486,-0.13019317752284817,-0.31609926260751814,-0.15947921846334845,-0.23554823579129458,-0.6488447561256592,-0.7479669287608486
2016-08-01,22111.0,-1.0107820217894936,-1.0079603087773787,-0.24868909981901532,-0.9470784422347294,-0.9470784422347294,-0.13019302449785833,-0.20280664812173654,-0.15947921846334845,0.013438301917137447,-0.5076809725097242,44309,0.0,0.0,-22198.0,-1.2087914716210342,-1.0079603087773787,-0.23238161786366787,-0.8124678415763315,-0.13019302449785833,-0.20280664812173654,-0.15947921846334845,-0.2348223275180918,-0.5373124883784929,-0.8124678415763315
2016-09-01,32626.0,-0.9521834805434091,-1.0079603087773787,-0.0611530573325515,-0.916230179583847,-0.916230179583847,-0.13019302449785833,-0.20280664812173654,-0.15947921846334845,-0.06641160813512985,-0.42546790361186687,22111,0.0,0.0,10515.0,-1.0107820217894936,-1.0079603087773787,-0.24868909981901532,-0.9470784422347294,-0.13019302449785833,-0.20280664812173654,-0.15947921846334845,0.013438301917137447,-0.5076809725097242,-0.9470784422347294
2016-10-01,35110.0,-0.9908661777058569,-0.8305096099176816,0.5299931635487024,-0.7367493787059844,-0.7367493787059844,-0.13018904584812194,0.34112395717022187,-0.15947921846334845,-0.04245663511944997,-0.43003334678397287,32626,0.0,0.0,2484.0,-0.9521834805434091,-1.0079603087773787,-0.0611530573325515,-0.916230179583847,-0.13019302449785833,-0.20280664812173654,-0.15947921846334845,-0.06641160813512985,-0.42546790361186687,-0.916230179583847
2016-11-01,37462.0,-0.8671581461863453,-0.8305096099176816,0.3546877325287477,-0.9442740547210113,-0.9442740547210113,-0.13018904584812194,0.34112395717022187,-0.15947921846334845,0.14482769936677642,-0.44737220513399545,35110,0.0,0.0,2352.0,-0.9908661777058569,-0.8305096099176816,0.5299931635487024,-0.7367493787059844,-0.13018904584812194,0.34112395717022187,-0.15947921846334845,-0.04245663511944997,-0.43003334678397287,-0.7367493787059844
2016-12-01,40795.0,-0.6572757893049448,-0.8305096099176816,-0.06522992782138401,-0.6834660159453696,-0.6834660159453696,-0.13018904584812194,0.34112395717022187,-0.15947921846334845,0.13829452490795435,-0.44288396392175505,37462,0.0,0.0,3333.0,-0.8671581461863453,-0.8305096099176816,0.3546877325287477,-0.9442740547210113,-0.13018904584812194,0.34112395717022187,-0.15947921846334845,0.14482769936677642,-0.44737220513399545,-0.9442740547210113
2017-01-01,44763.0,-0.6802556094014482,-0.2409598123469211,-0.07338366879906064,-0.4535062398206064,-0.4535062398206064,-0.1301940738120745,0.14101043784206801,-0.15947921846334845,-0.4380766440147704,-0.37464795893973146,40795,0.0,0.0,3968.0,-0.6572757893049448,-0.8305096099176816,-0.06522992782138401,-0.6834660159453696,-0.13018904584812194,0.34112395717022187,-0.15947921846334845,0.13829452490795435,-0.44288396392175505,-0.6834660159453696
2017-02-01,23668.0,-0.6503818432759934,-0.2409598123469211,-0.22015100639716453,-0.501180827553789,-0.501180827553789,-0.1301940738120745,0.14101043784206801,-0.15947921846334845,-0.9585528759009088,-0.2684882457632768,44763,0.0,0.0,-21095.0,-0.6802556094014482,-0.2409598123469211,-0.07338366879906064,-0.4535062398206064,-0.1301940738120745,0.14101043784206801,-0.15947921846334845,-0.4380766440147704,-0.37464795893973146,-0.4535062398206064
2017-03-01,37227.0,-0.7580040007279526,-0.2409598123469211,-0.37099521448410094,-0.5937256155064363,-0.5937256155064363,-0.1301940738120745,0.14101043784206801,-0.15947921846334845,0.2558916651667464,-0.24706470190031665,23668,0.0,0.0,13559.0,-0.6503818432759934,-0.2409598123469211,-0.22015100639716453,-0.501180827553789,-0.1301940738120745,0.14101043784206801,-0.15947921846334845,-0.9585528759009088,-0.2684882457632768,-0.501180827553789
2017-04-01,33227.0,-0.8315394250367646,0.08258621916619648,-0.2731503227520336,-0.6133563281024547,-0.6133563281024547,-0.13019604127622986,-0.24844933796324986,-0.15947921846334845,-0.7582021924970404,-0.22584118129701122,37227,0.0,0.0,-4000.0,-0.7580040007279526,-0.2409598123469211,-0.37099521448410094,-0.5937256155064363,-0.1301940738120745,0.14101043784206801,-0.15947921846334845,0.2558916651667464,-0.24706470190031665,-0.5937256155064363
2017-05-01,34451.0,-0.8614131911622195,0.08258621916619648,-0.22830474737483536,-0.7367493787059844,-0.7367493787059844,-0.13019604127622986,-0.24844933796324986,-0.15947921846334845,-0.1099661045272749,-0.1666342964393772,33227,0.0,0.0,1224.0,-0.8315394250367646,0.08258621916619648,-0.2731503227520336,-0.6133563281024547,-0.13019604127622986,-0.24844933796324986,-0.15947921846334845,-0.7582021924970404,-0.22584118129701122,-0.6133563281024547
2017-06-01,39228.0,-0.9322676364597727,0.08258621916619648,0.08153740977671989,-0.8685555918506643,-0.8685555918506643,-0.13019604127622986,-0.24844933796324986,-0.15947921846334845,0.1542645069184076,-0.042286503354368184,34451,0.0,0.0,4777.0,-0.8614131911622195,0.08258621916619648,-0.22830474737483536,-0.7367493787059844,-0.13019604127622986,-0.24844933796324986,-0.15947921846334845,-0.1099661045272749,-0.1666342964393772,-0.7367493787059844
2017-07-01,40614.0,-0.7809838208244564,-0.27197061408939244,0.08153740977671989,-0.7844239664391671,-0.7844239664391671,-0.13019040121231787,-0.022914573660075897,-0.15947921846334845,-0.06641160813512985,-0.030965888693940884,39228,0.0,0.0,1386.0,-0.9322676364597727,0.08258621916619648,0.08153740977671989,-0.8685555918506643,-0.13019604127622986,-0.24844933796324986,-0.15947921846334845,0.1542645069184076,-0.042286503354368184,-0.8685555918506643
2017-08-01,35774.0,-0.7698769077778129,-0.27197061408939244,0.14269046710925978,-0.6610309158356333,-0.6610309158356333,-0.13019040121231787,-0.022914573660075897,-0.15947921846334845,0.44898326583859205,0.024637068309924636,40614,0.0,0.0,-4840.0,-0.7809838208244564,-0.27197061408939244,0.08153740977671989,-0.7844239664391671,-0.13019040121231787,-0.022914573660075897,-0.15947921846334845,-0.06641160813512985,-0.030965888693940884,-0.7844239664391671
2017-09-01,30563.0,-0.6143801251248043,-0.27197061408939244,0.13861359662042727,-0.5965300030201545,-0.5965300030201545,-0.13019040121231787,-0.022914573660075897,-0.15947921846334845,0.3219493180281678,-0.04619222068761511,35774,0.0,0.0,-5211.0,-0.7698769077778129,-0.27197061408939244,0.14269046710925978,-0.6610309158356333,-0.13019040121231787,-0.022914573660075897,-0.15947921846334845,0.44898326583859205,0.024637068309924636,-0.6610309158356333
2017-10-01,34801.0,-0.4447124534122851,0.006092908201433856,0.3913795669282693,-0.4142448146285738,-0.4142448146285738,-0.1301922375121962,0.7992841222881973,-0.15947921846334845,0.16079768137722966,0.09763503054371432,30563,0.0,0.0,4238.0,-0.6143801251248043,-0.27197061408939244,0.13861359662042727,-0.5965300030201545,-0.13019040121231787,-0.022914573660075897,-0.15947921846334845,0.3219493180281678,-0.04619222068761511,-0.5965300030201545
2017-11-01,39548.0,-0.3750069991195571,0.006092908201433856,0.49330132914917496,-0.2235464636958471,-0.2235464636958471,-0.1301922375121962,0.7992841222881973,-0.15947921846334845,0.2704098306307951,0.01574480620529886,34801,0.0,0.0,4747.0,-0.4447124534122851,0.006092908201433856,0.3913795669282693,-0.4142448146285738,-0.1301922375121962,0.7992841222881973,-0.15947921846334845,0.16079768137722966,0.09763503054371432,-0.4142448146285738
2017-12-01,40799.0,-0.3014715748107451,0.006092908201433856,0.43214827181663507,-0.20111136358611476,-0.20111136358611476,-0.1301922375121962,0.7992841222881973,-0.15947921846334845,0.4627755230294379,0.04466746771529305,39548,0.0,0.0,1251.0,-0.3750069991195571,0.006092908201433856,0.49330132914917496,-0.2235464636958471,-0.1301922375121962,0.7992841222881973,-0.15947921846334845,0.2704098306307951,0.01574480620529886,-0.2235464636958471
2018-01-01,47483.0,-0.14137882813843608,0.16286973923281672,0.2894578047073637,0.020435249997498385,0.020435249997498385,-0.13019385520494614,0.30047097450355753,-0.15947921846334845,0.23774395833668577,0.20641610117563786,40799,0.0,0.0,6684.0,-0.3014715748107451,0.006092908201433856,0.43214827181663507,-0.20111136358611476,-0.1301922375121962,0.7992841222881973,-0.15947921846334845,0.4627755230294379,0.04466746771529305,-0.20111136358611476
2018-02-01,26441.0,-0.31028050584773836,0.16286973923281672,0.6767605011468063,0.1410239130873141,0.1410239130873141,-0.13019385520494614,0.30047097450355753,-0.15947921846334845,-1.2750488830171658,0.10523942359056673,47483,0.0,0.0,-21042.0,-0.14137882813843608,0.16286973923281672,0.2894578047073637,0.020435249997498385,-0.13019385520494614,0.30047097450355753,-0.15947921846334845,0.23774395833668577,0.20641610117563786,0.020435249997498385
2018-03-01,38257.0,-0.12912292408696716,0.16286973923281672,0.27315032275202206,-0.06089198790028477,-0.06089198790028477,-0.13019385520494614,0.30047097450355753,-0.15947921846334845,0.7190211434698938,0.1417419138874559,26441,0.0,0.0,11816.0,-0.31028050584773836,0.16286973923281672,0.6767605011468063,0.1410239130873141,-0.13019385520494614,0.30047097450355753,-0.15947921846334845,-1.2750488830171658,0.10523942359056673,0.1410239130873141
2018-04-01,33679.0,0.08765337882338456,0.19319141204767756,0.5422237750152116,0.037261575079798624,0.037261575079798624,-0.13018952678380438,-0.023859991861626233,-0.15947921846334845,-0.18546056494032748,0.04993825606617964,38257,0.0,0.0,-4578.0,-0.12912292408696716,0.16286973923281672,0.27315032275202206,-0.06089198790028477,-0.13019385520494614,0.30047097450355753,-0.15947921846334845,0.7190211434698938,0.1417419138874559,-0.06089198790028477
2018-05-01,34635.0,0.19336055126730192,0.19319141204767756,0.48514758817150416,-0.001999850112233938,-0.001999850112233938,-0.13018952678380438,-0.023859991861626233,-0.15947921846334845,0.44462781619937736,0.1261155353744729,33679,0.0,0.0,956.0,0.08765337882338456,0.19319141204767756,0.5422237750152116,0.037261575079798624,-0.13018952678380438,-0.023859991861626233,-0.15947921846334845,-0.18546056494032748,0.04993825606617964,0.037261575079798624
2018-06-01,36942.0,0.25425707452303636,0.19319141204767756,0.6563761487026263,0.10737126292271362,0.10737126292271362,-0.13018952678380438,-0.023859991861626233,-0.15947921846334845,0.15571632346481215,0.11276310549755884,34635,0.0,0.0,2307.0,0.19336055126730192,0.19319141204767756,0.48514758817150416,-0.001999850112233938,-0.13018952678380438,-0.023859991861626233,-0.15947921846334845,0.44462781619937736,0.1261155353744729,-0.001999850112233938
2018-07-01,41957.0,0.05624762469149639,0.3654736439502961,0.8031434863007302,0.4495065395961385,0.4495065395961385,-0.1301964784904866,0.060702413943709135,-0.15947921846334845,0.2878316291876539,0.19017561616371662,36942,0.0,0.0,5015.0,0.25425707452303636,0.19319141204767756,0.6563761487026263,0.10737126292271362,-0.13018952678380438,-0.023859991861626233,-0.15947921846334845,0.15571632346481215,0.11276310549755884,0.10737126292271362
2018-08-01,25025.0,0.19489253927373518,0.3654736439502961,0.7746053928788794,0.4298758270001202,0.4298758270001202,-0.1301964784904866,0.060702413943709135,-0.15947921846334845,0.5389958917156923,0.1924320188998155,41957,0.0,0.0,-16932.0,0.05624762469149639,0.3654736439502961,0.8031434863007302,0.4495065395961385,-0.1301964784904866,0.060702413943709135,-0.15947921846334845,0.2878316291876539,0.19017561616371662,0.4495065395961385
2018-09-01,29766.0,0.3883060250859748,0.3654736439502961,0.8439121911890901,0.22235115098509325,0.22235115098509325,-0.1301964784904866,0.060702413943709135,-0.15947921846334845,0.45406462375100853,0.17221914213476242,25025,0.0,0.0,4741.0,0.19489253927373518,0.3654736439502961,0.7746053928788794,0.4298758270001202,-0.1301964784904866,0.060702413943709135,-0.15947921846334845,0.5389958917156923,0.1924320188998155,0.4298758270001202
2018-10-01,33724.0,0.07922744478799991,0.5635982106383074,0.8724502846109468,0.3008740013691584,0.3008740013691584,-0.1301947733548853,0.8177723004518482,-0.15947921846334845,0.8460550912803181,-0.25035982191462,29766,0.0,0.0,3958.0,0.3883060250859748,0.3654736439502961,0.8439121911890901,0.22235115098509325,-0.1301964784904866,0.060702413943709135,-0.15947921846334845,0.45406462375100853,0.17221914213476242,0.22235115098509325
2018-11-01,34768.0,-0.5768464189671817,0.5635982106383074,0.6156074438142664,-0.03565250027683441,-0.03565250027683441,-0.1301947733548853,0.8177723004518482,-0.15947921846334845,0.47511596367387926,-0.2202159657667367,33724,0.0,0.0,1044.0,0.07922744478799991,0.5635982106383074,0.8724502846109468,0.3008740013691584,-0.1301947733548853,0.8177723004518482,-0.15947921846334845,0.8460550912803181,-0.25035982191462,0.3008740013691584
2018-12-01,40527.0,-0.8430293350850163,0.5635982106383074,0.4076870488836168,-0.49557205252635694,-0.49557205252635694,-0.1301947733548853,0.8177723004518482,-0.15947921846334845,0.3771183467915514,-0.27658041482928564,34768,0.0,0.0,5759.0,-0.5768464189671817,0.5635982106383074,0.6156074438142664,-0.03565250027683441,-0.1301947733548853,0.8177723004518482,-0.15947921846334845,0.47511596367387926,-0.2202159657667367,-0.03565250027683441
2019-01-01,43184.0,-0.3853479181629839,0.5635982106383074,0.36284147350641854,-0.4394843022520242,-0.4394843022520242,-0.13019451102633126,0.27326393959227574,-0.15947921846334845,0.13829452490795435,-0.20469486265357206,40527,0.0,0.0,2657.0,-0.8430293350850163,0.5635982106383074,0.4076870488836168,-0.49557205252635694,-0.1301947733548853,0.8177723004518482,-0.15947921846334845,0.3771183467915514,-0.27658041482928564,-0.49557205252635694
2019-02-01,18975.0,-0.27734276370941635,0.5635982106383074,0.7664516519012028,-0.27402543894274384,-0.27402543894274384,-0.13019451102633126,0.27326393959227574,-0.15947921846334845,-1.4303932534824846,-0.04435691955078841,43184,0.0,0.0,-24209.0,-0.3853479181629839,0.5635982106383074,0.36284147350641854,-0.4394843022520242,-0.13019451102633126,0.27326393959227574,-0.15947921846334845,0.13829452490795435,-0.20469486265357206,-0.4394843022520242
2019-03-01,31296.0,-0.16052867821885586,0.5635982106383074,0.5055319406156841,-0.27682982645646187,-0.27682982645646187,-0.13019451102633126,0.27326393959227574,-0.15947921846334845,-0.0773002322331656,0.04402879695639738,18975,0.0,0.0,12321.0,-0.27734276370941635,0.5635982106383074,0.7664516519012028,-0.27402543894274384,-0.13019451102633126,0.27326393959227574,-0.15947921846334845,-1.4303932534824846,-0.04435691955078841,-0.27402543894274384
2019-04-01,33515.0,0.006075017480796499,0.5635982106383074,0.8153740977672393,-0.030043725249398343,-0.030043725249398343,-0.13019204076578064,0.2890209096181146,-0.15947921846334845,-0.11867700380570431,0.15867019817818767,31296,0.0,0.0,2219.0,-0.16052867821885586,0.5635982106383074,0.5055319406156841,-0.27682982645646187,-0.13019451102633126,0.27326393959227574,-0.15947921846334845,-0.0773002322331656,0.04402879695639738,-0.27682982645646187
2019-05-01,36507.0,-0.2348300965308845,0.5635982106383074,0.8724502846109468,-0.03565250027683441,-0.03565250027683441,-0.13019204076578064,0.2890209096181146,-0.15947921846334845,0.23556623351707945,-0.005994563857115108,33515,0.0,0.0,2992.0,0.006075017480796499,0.5635982106383074,0.8153740977672393,-0.030043725249398343,-0.13019204076578064,0.2890209096181146,-0.15947921846334845,-0.11867700380570431,0.15867019817818767,-0.030043725249398343
2019-06-01,37149.0,-0.20265834839577915,0.5635982106383074,1.01106388123138,-0.24037278877814333,-0.24037278877814333,-0.13019204076578064,0.2890209096181146,-0.15947921846334845,0.09764366160861843,0.07553772412191968,36507,0.0,0.0,642.0,-0.2348300965308845,0.5635982106383074,0.8724502846109468,-0.03565250027683441,-0.13019204076578064,0.2890209096181146,-0.15947921846334845,0.23556623351707945,-0.005994563857115108,-0.03565250027683441
2019-07-01,47146.0,-0.3286643619249412,0.381323609285337,0.9621414353653432,0.051283512648380825,0.051283512648380825,-0.13019029190875367,0.3517336503209534,-0.15947921846334845,0.6094089942163273,0.10816607970550673,37149,0.0,0.0,9997.0,-0.20265834839577915,0.5635982106383074,1.01106388123138,-0.24037278877814333,-0.13019204076578064,0.2890209096181146,-0.15947921846334845,0.09764366160861843,0.07553772412191968,-0.24037278877814333
2019-08-01,23102.0,-0.4385845013865509,0.381323609285337,0.9539876943876724,-0.29085176402504404,-0.29085176402504404,-0.13019029190875367,0.3517336503209534,-0.15947921846334845,0.7458797495783828,0.03596119215034531,47146,0.0,0.0,-24044.0,-0.3286643619249412,0.381323609285337,0.9621414353653432,0.051283512648380825,-0.13019029190875367,0.3517336503209534,-0.15947921846334845,0.6094089942163273,0.10816607970550673,0.051283512648380825
2019-09-01,31635.0,-0.430158567351166,0.381323609285337,1.0192176222090508,-0.5768992904241361,-0.5768992904241361,-0.13019029190875367,0.3517336503209534,-0.15947921846334845,0.4032510446268386,0.11022596836194558,23102,0.0,0.0,8533.0,-0.4385845013865509,0.381323609285337,0.9539876943876724,-0.29085176402504404,-0.13019029190875367,0.3517336503209534,-0.15947921846334845,0.7458797495783828,0.03596119215034531,-0.29085176402504404
2019-10-01,39841.0,-0.5002470186455026,0.381323609285337,1.0273713631867214,-0.6329870406984689,-0.6329870406984689,-0.13019180029793945,0.9829578695560592,-0.15947921846334845,0.6282826093195908,0.29587211758097226,31635,0.0,0.0,8206.0,-0.430158567351166,0.381323609285337,1.0192176222090508,-0.5768992904241361,-0.13019029190875367,0.3517336503209534,-0.15947921846334845,0.4032510446268386,0.11022596836194558,-0.5768992904241361
2019-11-01,39630.0,-0.3095145118445217,0.381323609285337,0.8561428026555993,-0.6582265283219193,-0.6582265283219193,-0.13019180029793945,0.9829578695560592,-0.15947921846334845,0.6355416920516146,0.3417932469815771,39841,0.0,0.0,-211.0,-0.5002470186455026,0.381323609285337,1.0273713631867214,-0.6329870406984689,-0.13019180029793945,0.9829578695560592,-0.15947921846334845,0.6282826093195908,0.29587211758097226,-0.6329870406984689
2019-12-01,44704.0,-0.19499840836361113,0.381323609285337,0.8806040255886176,-0.562877352855554,-0.562877352855554,-0.13019180029793945,0.9829578695560592,-0.15947921846334845,0.8816245966672365,0.5199086959336243,39630,0.0,0.0,5074.0,-0.3095145118445217,0.381323609285337,0.8561428026555993,-0.6582265283219193,-0.13019180029793945,0.9829578695560592,-0.15947921846334845,0.6355416920516146,0.3417932469815771,-0.6582265283219193
2020-01-01,38425.0,-0.564590514915713,-0.2054696725749817,1.1333699958964654,-0.3188956391622085,-0.3188956391622085,-0.13019309007999683,0.3923866329876177,-0.15947921846334845,0.018519659829553923,0.3437338235182222,44704,0.0,0.0,-6279.0,-0.19499840836361113,0.381323609285337,0.8806040255886176,-0.562877352855554,-0.13019180029793945,0.9829578695560592,-0.15947921846334845,0.8816245966672365,0.5199086959336243,-0.562877352855554
2020-02-01,26380.0,-0.8008996649080931,-0.2054696725749817,0.6808373716356446,-0.9330565046661472,-0.9330565046661472,-0.13019309007999683,0.3923866329876177,-0.15947921846334845,-0.11141792107367945,0.2725220339013437,38425,1.0,0.0,-12045.0,-0.564590514915713,-0.2054696725749817,1.1333699958964654,-0.3188956391622085,-0.13019309007999683,0.3923866329876177,-0.15947921846334845,0.018519659829553923,0.3437338235182222,-0.3188956391622085
2020-03-01,36099.0,-2.215307591847897,-0.2054696725749817,0.49330132914917496,-1.5191734950329137,-1.5191734950329137,-0.13019309007999683,0.3923866329876177,0.11671594075098027,0.8206483017182326,-0.28337067811754574,26380,0.0,0.0,9719.0,-0.8008996649080931,-0.2054696725749817,0.6808373716356446,-0.9330565046661472,-0.13019309007999683,0.3923866329876177,-0.15947921846334845,-0.11141792107367945,0.2725220339013437,-0.9330565046661472
2020-04-01,29960.0,-2.1011744853685954,0.001269005708160537,0.4117639193724551,-2.5119266748885916,-2.5119266748885916,-0.1301934179906894,0.38813225108064126,-0.03885521015341713,0.20217445294976735,0.1672361065433776,36099,0.0,0.0,-6139.0,-2.215307591847897,-0.2054696725749817,0.49330132914917496,-1.5191734950329137,-0.13019309007999683,0.3923866329876177,0.11671594075098027,0.8206483017182326,-0.28337067811754574,-1.5191734950329137
2020-05-01,32569.0,-1.406417924450966,0.001269005708160537,0.36691834399525686,-2.5175354499160236,-2.5175354499160236,-0.1301934179906894,0.38813225108064126,-0.14482396511728202,0.37058517233273036,0.14969722493370158,29960,0.0,0.0,2609.0,-2.1011744853685954,0.001269005708160537,0.4117639193724551,-2.5119266748885916,-0.1301934179906894,0.38813225108064126,-0.03885521015341713,0.20217445294976735,0.1672361065433776,-2.5119266748885916
2020-06-01,40280.0,-1.190407615543831,0.001269005708160537,0.6971448535909862,-1.8725263217612067,-1.8725263217612067,-0.1301934179906894,0.38813225108064126,-0.1538425825610152,0.6551412154280798,0.3879986199616904,32569,0.0,0.0,7711.0,-1.406417924450966,0.001269005708160537,0.36691834399525686,-2.5175354499160236,-0.1301934179906894,0.38813225108064126,-0.14482396511728202,0.37058517233273036,0.14969722493370158,-2.5175354499160236
2020-07-01,42658.0,-1.1279791042816627,-0.171013226194458,0.7501441699458612,-1.4350418696214164,-1.4350418696214164,-0.1301844332377133,1.250773836761901,-0.12904138459074896,0.8554918988319492,0.7542026074085417,40280,0.0,0.0,2378.0,-1.190407615543831,0.001269005708160537,0.6971448535909862,-1.8725263217612067,-0.1301934179906894,0.38813225108064126,-0.1538425825610152,0.6551412154280798,0.3879986199616904,-1.8725263217612067
2020-08-01,33794.0,-1.0410387849165568,-0.171013226194458,0.8153740977672393,-1.3705409568059335,-1.3705409568059335,-0.1301844332377133,1.250773836761901,-0.14031465639541543,1.088508454529928,0.7284627721530452,42658,0.0,0.0,-8864.0,-1.1279791042816627,-0.171013226194458,0.7501441699458612,-1.4350418696214164,-0.1301844332377133,1.250773836761901,-0.12904138459074896,0.8554918988319492,0.7542026074085417,-1.4350418696214164
2020-09-01,35894.0,-1.2363672557368386,-0.171013226194458,0.7746053928788794,-1.5275866575740638,-1.5275866575740638,-0.1301844332377133,1.250773836761901,-0.12904138459074896,1.3440281666971812,0.7018491510790588,33794,0.0,0.0,2100.0,-1.0410387849165568,-0.171013226194458,0.8153740977672393,-1.3705409568059335,-0.1301844332377133,1.250773836761901,-0.14031465639541543,1.088508454529928,0.7284627721530452,-1.3705409568059335
2020-10-01,38622.0,-1.3895660563801968,0.10463834484973165,0.917295859988145,-1.3144532065316046,-1.3144532065316046,-0.1301824220521323,1.7076734442778092,-0.11100414970328258,1.1610992818501704,0.7126328612004141,35894,0.0,0.0,2728.0,-1.2363672557368386,-0.171013226194458,0.7746053928788794,-1.5275866575740638,-0.1301844332377133,1.250773836761901,-0.12904138459074896,1.3440281666971812,0.7018491510790588,-1.5275866575740638
2020-11-01,45171.0,-0.9793762676576052,0.10463834484973165,0.8928346370551268,-1.0816890428931234,-1.0816890428931234,-0.1301824220521323,1.7076734442778092,-0.02307262962688406,1.2765186972893552,1.1255054333865777,38622,0.0,0.0,6549.0,-1.3895660563801968,0.10463834484973165,0.917295859988145,-1.3144532065316046,-0.1301824220521323,1.7076734442778092,-0.11100414970328258,1.1610992818501704,0.7126328612004141,-1.3144532065316046
2020-12-01,44339.0,-0.8204325119901211,0.10463834484973165,0.9009883780327975,-0.9246433421249971,-0.9246433421249971,-0.1301824220521323,1.7076734442778092,-0.020817975265950764,1.758521790695766,1.4798062822940097,45171,0.0,0.0,-832.0,-0.9793762676576052,0.10463834484973165,0.8928346370551268,-1.0816890428931234,-0.1301824220521323,1.7076734442778092,-0.02307262962688406,1.2765186972893552,1.1255054333865777,-1.0816890428931234
2021-01-01,50017.0,-0.6768086363869729,0.6214850405575872,1.0518325861197397,-0.4759413399303387,-0.4759413399303387,-0.13017101076003126,1.502990403642162,-0.03547322861201718,1.5276829598173947,1.6222017880878146,44339,0.0,0.0,5678.0,-0.8204325119901211,0.10463834484973165,0.9009883780327975,-0.9246433421249971,-0.1301824220521323,1.7076734442778092,-0.020817975265950764,1.758521790695766,1.4798062822940097,-0.9246433421249971
2021-02-01,26384.0,-0.27695976670780775,0.6214850405575872,1.255676110561551,-0.2656122764015937,-0.2656122764015937,-0.13017101076003126,1.502990403642162,-0.11100414970328258,0.10925819397985696,1.9083719074130407,50017,0.0,0.0,-23633.0,-0.6768086363869729,0.6214850405575872,1.0518325861197397,-0.4759413399303387,-0.13017101076003126,1.502990403642162,-0.03547322861201718,1.5276829598173947,1.6222017880878146,-0.4759413399303387
2021-03-01,41957.0,-0.34704821800214436,0.6214850405575872,1.0029101402537033,-0.1870894260175286,-0.1870894260175286,-0.13017101076003126,1.502990403642162,-0.06816571684554998,2.23616943446296,2.075875596063436,26384,0.0,0.0,15573.0,-0.27695976670780775,0.6214850405575872,1.255676110561551,-0.2656122764015937,-0.13017101076003126,1.502990403642162,-0.11100414970328258,0.10925819397985696,1.9083719074130407,-0.2656122764015937
2021-04-01,36669.0,-0.18580648032500982,1.3967550841193705,1.2801373334945694,-0.001999850112233938,-0.001999850112233938,-0.1301750331311933,1.4673271281503466,-0.051255809138550254,1.3316877260527398,2.474353511914487,41957,0.0,0.0,-5288.0,-0.34704821800214436,0.6214850405575872,1.0029101402537033,-0.1870894260175286,-0.13017101076003126,1.502990403642162,-0.06816571684554998,2.23616943446296,2.075875596063436,-0.1870894260175286
2021-05-01,33038.0,-0.12337796906284154,1.3967550841193705,1.3779822252266367,0.02604402502493047,0.02604402502493047,-0.1301750331311933,1.4673271281503466,8.532213342934506,1.7556181576029548,2.299515637076773,36669,0.0,0.0,-3631.0,-0.18580648032500982,1.3967550841193705,1.2801373334945694,-0.001999850112233938,-0.1301750331311933,1.4673271281503466,-0.051255809138550254,1.3316877260527398,2.474353511914487,-0.001999850112233938
2021-06-01,26705.0,0.16693375815632272,1.3967550841193705,1.4595196350033623,0.22795992601252535,0.22795992601252535,-0.1301750331311933,1.4673271281503466,6.6168844633216715,2.1606749740499085,2.540606830199938,33038,-3.0,0.0,-6333.0,-0.12337796906284154,1.3967550841193705,1.3779822252266367,0.02604402502493047,-0.1301750331311933,1.4673271281503466,8.532213342934506,1.7556181576029548,2.299515637076773,0.02604402502493047
2021-07-01,36665,0.19680752428177706,2.1720251276811537,1.5451339152689263,0.48035480224702093,0.48035480224702093,-0.1301833839234971,1.747118392575826,0.7818389772263025,2.112039119745345,2.3623229406081823,26705,-3.0,1.0,9960.0,0.16693375815632272,1.3967550841193705,1.4595196350033623,0.22795992601252535,-0.1301750331311933,1.4673271281503466,6.6168844633216715,2.1606749740499085,2.540606830199938,0.22795992601252535
2021-08-01,31974,0.04016175062394372,2.1720251276811537,1.793823015087936,0.42426705197268816,0.42426705197268816,-0.1301833839234971,1.747118392575826,0.1933741890227123,2.2688353067570706,2.4475539043008223,36665,-3.0,1.0,-4691,0.19680752428177706,2.1720251276811537,1.5451339152689263,0.48035480224702093,-0.1301833839234971,1.747118392575826,0.7818389772263025,2.112039119745345,2.3623229406081823,0.48035480224702093
2021-09-01,39677,0.20025449729625275,2.1720251276811537,1.859052942909314,0.4579197021372886,0.4579197021372886,-0.1301833839234971,1.747118392575826,0.10318801458538049,2.4292610351348047,2.2526119372778672,31974,-1.2,1.0,7703,0.04016175062394372,2.1720251276811537,1.793823015087936,0.42426705197268816,-0.1301833839234971,1.747118392575826,0.1933741890227123,2.2688353067570706,2.4475539043008223,0.42426705197268816
2021-10-01,33973,0.41434982119534597,2.6888718233890097,1.985435928063238,0.6934882532894839,0.6934882532894839,-0.13017951457732493,2.652093704393173,0.0468216555620481,2.199874020802839,2.2710842607659294,39677,-1.2,0.0,-5704,0.20025449729625275,2.1720251276811537,1.859052942909314,0.4579197021372886,-0.1301833839234971,1.747118392575826,0.10318801458538049,2.4292610351348047,2.2526119372778672,0.4579197021372886
2021-11-01,38667,-0.06669441282479886,2.6888718233890097,2.0873576902841435,0.9458831295239756,0.9458831295239756,-0.13017951457732493,2.652093704393173,0.056967600186247934,2.305130720417192,2.4256110017987598,33973,-1.2,0.0,4694,0.41434982119534597,2.6888718233890097,1.985435928063238,0.6934882532894839,-0.13017951457732493,2.652093704393173,0.0468216555620481,2.199874020802839,2.2710842607659294,0.6934882532894839
2021-12-01,38807,0.1822536382206582,2.6888718233890097,2.00174341001858,0.5140074524116214,0.5140074524116214,-0.13017951457732493,2.652093704393173,0.3376720681224432,2.575894506321695,2.7032152127587965,38667,-1.2,0.0,140,-0.06669441282479886,2.6888718233890097,2.0873576902841435,0.9458831295239756,-0.13017951457732493,2.652093704393173,0.056967600186247934,2.305130720417192,2.4256110017987598,0.9458831295239756
2022-01-01,39654,0.75713213763486,2.516589591486391,2.246355639348757,1.0300147549354728,1.0300147549354728,,,,2.444505108872056,2.5121614171691196,38807,-1.2,1.0,847,0.1822536382206582,2.6888718233890097,2.00174341001858,0.5140074524116214,-0.13017951457732493,2.652093704393173,0.3376720681224432,2.575894506321695,2.7032152127587965,0.5140074524116214
2022-02-01,23493,1.168087920360668,2.516589591486391,2.250432509837589,1.1702341306213029,1.1702341306213029,,,,,2.5043640192226007,39654,0.0,1.0,-16161,0.75713213763486,2.516589591486391,2.246355639348757,1.0300147549354728,,,,2.444505108872056,2.5121614171691196,1.0300147549354728
2022-03-01,38160,1.6200243822585751,2.516589591486391,,,,,,,,2.5188534234175495,23493,0.0,0.0,14667,1.168087920360668,2.516589591486391,2.250432509837589,1.1702341306213029,,,,,2.5043640192226007,1.1702341306213029
